5.R String Id,5.2 String Id
textEmptyFormatCatNum,DCL_TEXT_BLANK
textStatCfgMachEnterCatNum,DCL_TEXT_MACH_STAT_LINE_ENTER_CAT_NUM
textStatCfgMachEnterSetCode,DCL_TEXT_MACH_STAT_LINE_ENTER_SET_CODE
textStatCfgMachBadCatNum,DCL_TEXT_MACH_STAT_LINE_BAD_CAT_NUM
textStatCfgMachBadSetCode,DCL_TEXT_MACH_STAT_LINE_BAD_SET_CODE
textStatCfgMachSuccess,DCL_TEXT_MACH_STAT_LINE_SUCCESS
textStatCfgMachBadPair,DCL_TEXT_MACH_STAT_LINE_BAD_PAIR
textButtonCfgMachSetId,DCL_TEXT_CFG_MACH_SET_ID
textButtonCfgMachAdminCode,DCL_TEXT_CFG_MACH_SET_CODE
textButtonCfgLongMachAddCassette,DCL_TEXT_CFG_MACH_ADD_CASSETTE
textMiscAasSealDetach,DCL_TEXT_MSS_SEAL_DETACH_PRODUCTS
textStatAasSealDetach,DCL_TEXT_MSS_SEAL_DETACH_STAT
textStatAasRemoveDisp,DCL_TEXT_MSS_REMOVE_STAT
*** NO EQUIVALENT IN 5.R ***,DCL_TEXT_MSS_PROGRESS
*** NO EQUIVALENT IN 5.R ***,DCL_TEXT_PLT_SOL
textMiscSealDetachAc,DCL_TEXT_MSS_REMOVE_AC_BOX
textMiscRemoveAcLine,DCL_TEXT_MSS_REMOVE_AC_LINE
textButtonOverrideDefaultPasBagVol,DCL_TEXT_MSS_OVERRIDE_DF_BAG_VOL_BUTT
textMiscPasNumBags,DCL_TEXT_MSS_NUM_BAGS
textMiscBreakPasLineFrang,DCL_TEXT_MSS_PLAT_LINE_FRANG
TEXT_MSS_2_BREAK_FRANG,DCL_TEXT_MSS_2_BREAK_FRANG
textMiscConnectPas,DCL_TEXT_MSS_PLAT_CONNECT
textStatAasClampChannel,DCL_TEXT_MSS_CLAMP_CHANNEL_STAT
*** NO EQUIVALENT IN 5.R ***,DCL_TEXT_MSS_CLAMP_CHANNEL
textMiscChannelTest,DCL_TEXT_MSS_CHANNEL_TEST
textAlarmBodyNoGraphicAcClosFailAas,DCL_TEXT_MSS_AC_CLOS_FAIL_ALARM
textStatAlarmAcClosureFailure,DCL_TEXT_MSS_AC_CLOS_FAIL_ALARM_STAT
textAlarmBodyWithGraphicAcClosFailAas,DCL_TEXT_MSS_AC_CLOS_FAIL_ALERT
textStatAlarmAcClosureError,DCL_TEXT_MSS_AC_CLOS_FAIL_ALERT_STAT
textAlarmBodyWithGraphicFluidAtAcAas,DCL_TEXT_MSS_FLUID_AT_AC_ALERT
textStatAlarmFluidAtAcAas,DCL_TEXT_MSS_FLUID_AT_AC_ALERT_STAT
textAlarmBodyNoGraphicClampClosureAas,DCL_TEXT_MSS_CLAMP_CLOS_FAIL_ALARM
textStatAlarmAasClampClosureFailure,DCL_TEXT_MSS_CLAMP_CLOS_FAIL_ALARM_STAT
textAlarmBodyWithGraphicAasClampClosAdditionFailure,DCL_TEXT_MSS_CLAMP_CLOS_FAIL_ALERT
textAlarmBodyWithGraphicAasClampClosAddition,DCL_TEXT_MSS_CLAMP_CLOS_FAIL_ADDITION_ALERT
textStatAlarmAasClampClosureError,DCL_TEXT_MSS_CLAMP_CLOS_FAIL_ALERT_STAT
textAlarmBodyWithGraphicPasPrimeEarly,DCL_TEXT_MSS_SS_PRIME_TOO_SOON_PLT_ALERT
textStatAlarmPasPrimeEarly,DCL_TEXT_MSS_SS_PRIME_TOO_SOON_PLT_ALERT_STAT
textAlarmBodyWithGraphicPasPrimeLate,DCL_TEXT_MSS_SS_PRIME_DELAY_PLT_ALERT
textStatAlarmPasPrimeLate,DCL_TEXT_MSS_SS_PRIME_DELAY_PLT_ALERT_STAT
textAlarmBodyNoGraphicApsHighAas,DCL_TEXT_MSS_APS_PRES_2_HI_ALARM
textStatAlarmApsHighAasFailure,DCL_TEXT_MSS_APS_PRES_2_HI_ALARM_STAT
textAlarmBodyWithGraphicApsHighAas,DCL_TEXT_MSS_APS_PRES_2_HI_ALERT
textStatAlarmApsHighAas,DCL_TEXT_MSS_APS_PRES_2_HI_ALERT_STAT
textStatPasEmpty,DCL_TEXT_MSS_PLT_SS_EMPTY_STAT
textMiscPasEmpty,DCL_TEXT_MSS_PLT_SS_EMPTY
textAlarmBodyNoGraphicApsHighAas,DCL_TEXT_MSS_APS_PRES_2_HI_ALARM
textStatAlarmApsHighAasFailure,DCL_TEXT_MSS_APS_PRES_2_HI_ALARM_STAT
textListboxItemCfgOn,DCL_TEXT_ON
textListboxItemCfgOff,DCL_TEXT_OFF
textMiscDoubleDash,DCL_TEXT_DOUBLE_DASH
textButtonLabelCfgLeftAutoProcPasToggle,DCL_TEXT_PPC_AUTO_MSS
textCfgColLabelCfgPltPasVol,DCL_TEXT_CFG_SSVOL_LABEL
textCfgScreenLabelAutoProc,DCL_TEXT_MSS
*** NO EQUIVALENT IN 5.R ***,DCL_TEXT_CFG_MS_LABEL
textCfgColLabelCfgPltPercentPlasma,DCL_TEXT_CFG_CARRYOVER_LABEL
textButtonLabelCfgLeftAutoProcPasBagVol,DCL_TEXT_CFG_SSBAGVOLM
textButtonLabelCfgLeftAutoProcPasSplitNotifToggle,DCL_TEXT_CFG_PLT_MSS_SPLIT_NOTIF_LBL
textButtonLabelCfgLeftAutoProcPasOverrideToggle,DCL_TEXT_CFG_ENABLE_SSBAGVOLM_OVERRIDE
textAlarmBodyNoGraphicCpsHighAas,DCL_TEXT_MSS_CPS_TOO_HIGH_ALARM
textStatAlarmCpsHighAas,DCL_TEXT_MSS_CPS_TOO_HIGH_ALARM_STAT
textMiscAasDontSealProducts,DCL_TEXT_MSS_DONT_SEAL_PRODUCTS
textMiscAasDontSealProductsMiddle,DCL_TEXT_MSS_DONT_SEAL_PRODUCTS
textMiscAasPrime,DCL_TEXT_MSS_PRIMING_TEXT
textStatConnectPas,DCL_TEXT_MSS_CONNECT_PLT
textMiscPltPasSplitInstruct,DCL_TEXT_MSS_PLT_ADD_PAUSE
textStatPasPause,DCL_TEXT_MSS_PLT_ADD_PAUSE_TITLE
textStatAasActivePrime,DCL_TEXT_MSS_ACTIVE_PRIME
textStatAasActiveAddition,DCL_TEXT_MSS_ACTIVE_ADD
textProdVerifReasonRinsebackNotCompleted,DCL_TEXT_REASON_RINSEBACK_NOT_COMPLETED
*** NO EQUIVALENT IN 5.R ***,DCL_TEXT_REASON_METERED_PROCESS_ERROR
textProdVerifReasonAasVolError,DCL_TEXT_REASON_METERED_VOLUME_ERROR
textAlarmBodyNoGraphicCrvHigh,DCL_TEXT_CRV_TOO_HIGH_ERROR
textStatAlarmCrvHigh,DCL_TEXT_CRV_TOO_HIGH_ERROR_STAT
textAlarmBodyNoGraphicInletVolAas,DCL_TEXT_MSS_INLET_VOLM_ALARM
textStatAlarmInletVolmAas,DCL_TEXT_MSS_INLET_VOLM_ALARM_STAT
textDataLabelRs2PasVol,DCL_TEXT_RS2LAB_SS_PLAT_VOL
TEXT_MSS_PLT_PROGRESS_LABEL,DCL_TEXT_RS2LAB_SS_PLAT_VOL
*** NO EQUIVALENT IN 5.R ***,DCL_TEXT_RESERVOIR_RETURN_ALERT_02
textStatAlarmResReturnAlert02,DCL_TEXT_RESERVOIR_RETURN_ALERT_STAT_02
*** NO EQUIVALENT IN 5.R ***,DCL_TEXT_CENTRIFUGE_PRESSURE_TOO_HIGH_04
textStatAlarmCpsHigh04,DCL_TEXT_CENTRIFUGE_PRESSURE_TOO_HIGH_STAT_04
*** NO EQUIVALENT IN 5.R ***,DCL_TEXT_RESERVOIR_DRAW_ALERT_04
textStatAlarmResDrawAlert04,DCL_TEXT_RESERVOIR_DRAW_ALERT_STAT_04
*** NO EQUIVALENT IN 5.R ***,DCL_TEXT_RETURN_CYCLE_TOO_SHORT_01
textStatAlarmReturnCycleShort01,DCL_TEXT_RETURN_CYCLE_TOO_SHORT_STAT_01
*** NO EQUIVALENT IN 5.R ***,DCL_TEXT_DRAW_CYCLE_TOO_SHORT_ALERT_03
textAlarmBodyWithGraphicPasLineOpen,DCL_TEXT_CLAMP_PLT_AAS_LINE
textStatAlarmDrawCycleShort03,DCL_TEXT_DRAW_CYCLE_TOO_SHORT_ALERT_STAT_03
textStatAlarmPasClosureFailure,DCL_TEXT_DRAW_CYCLE_TOO_SHORT_ALERT_STAT_03
textEmptyFormatCfgMachSetIdInit,DCL_TEXT_BLANK
textEmptyFormatCfgMachAdminCodeInit,DCL_TEXT_BLANK
textEmptyFormatCfgMachBarcodeInit,DCL_TEXT_BLANK
textStatSetIdInstructions,DCL_TEXT_SET_ID_INSTRUCTIONS
textStatSetIdBadCode,DCL_TEXT_SET_ID_BAD_CODE
textStatCfgMachBadBarcode,DCL_TEXT_CFG_MACH_BAD_BARCODE
textStatSetIdGoodCode,DCL_TEXT_SET_ID_GOOD_CODE
textButtonSelectRef,DCL_TEXT_SET_ID_BUTTON
textAlarmBodyWithGraphicCassetteFailure02,DCL_TEXT_CASSETTE_FAILURE_02
textStatAlarmCassetteFailure02,DCL_TEXT_CASSETTE_FAILURE_STAT_02
textProgBarAddition,DCL_TEXT_STAT_SOLUTIONS
textStatEndOfRunPlt,DCL_TEXT_STATLINE_END_OF_RUN_PLT
textStatEndOfRunPlasma,DCL_TEXT_STATLINE_END_OF_RUN_PLASMA
textStatEndOfRunRbc,DCL_TEXT_STATLINE_END_OF_RUN_RBC
textEmptyFormatPltListboxYieldInit,DCL_TEXT_EMPTY
textButtonLabelCfgLeftProcBloodDiversion,DCL_TEXT_CFG_PROC_BLOOD_DIVERSION
textMiscAasDisconnect,DCL_TEXT_DISCONNECT_DONOR_MSS
textCfgColLabelCfgPltFinalConcExponent,DCL_TEXT_CFG_PLT_3RD_POWER
textCfgColLabelCfgPltCollectConcExponent,DCL_TEXT_CFG_PLT_3RD_POWER
textMiscCfgAdminNumDigits,DCL_TEXT_CFG_MACH_CAT_NUM_DIGITS
textMiscCfgAdminNumDigits,DCL_TEXT_CFG_MACH_ADMIN_NUM_DIGITS
textMiscCfgPasVolInit,DCL_TEXT_CFG_PLT_SS_VOL_INIT
textEmptyFormatCfgPltFinalConc,DCL_TEXT_BLANK
textCfgColLabelCfgPltCollectConc,DCL_TEXT_CFG_COLLECT_CONC
textStatLoadSetPas,DCL_TEXT_LOAD_TUBING_SET_PLT_MSS
*** NO EQUIVALENT IN 5.R ***,DCL_TEXT_ABORT_AAS_MSG
*** NO EQUIVALENT IN 5.R ***,DCL_TEXT_ABORT_AAS_EXIT
*** NO EQUIVALENT IN 5.R ***,DCL_TEXT_ABORT_AAS_DONT_EXIT
textMiscClampPltBagForSplit,DCL_TEXT_CLAMP_PLT_BAG_FOR_SPLIT
textMiscClampPasLine,DCL_TEXT_CLAMP_PLT_AAS_LINE
textMiscDonConnNoDiversion,DCL_TEXT_DONCONN_CONNECT_NO_DIVERSION
textProdVerifLeukLabelPlt,DCL_TEXT_VERIF_TITLE_PLT
textProdVerifLeukLabelRbc,DCL_TEXT_VERIF_TITLE_RBC
textProdVerifLeukLabelPlasma,DCL_TEXT_VERIF_TITLE_PLASMA
textEmptyFormatPredCurrPltExpInit,DCL_TEXT_BLANK
textEmptyFormatPredCurrPltX10Init,DCL_TEXT_BLANK
textEmptyFormatPredCurrPltVolLabelInit,DCL_TEXT_BLANK
textEmptyFormatPredNextPltExpInit,DCL_TEXT_BLANK
textEmptyFormatPredNextPltX10Init,DCL_TEXT_BLANK
textEmptyFormatPredPrevPltExpInit,DCL_TEXT_BLANK
textEmptyFormatPredPrevPltX10Init,DCL_TEXT_BLANK
textEmptyFormatPredPrevPltInit,DCL_TEXT_BLANK
textEmptyFormatPredCurrPltInit,DCL_TEXT_BLANK
textEmptyFormatPredCurrPltVolInit,DCL_TEXT_BLANK
textEmptyFormatPredNextPltInit,DCL_TEXT_BLANK
textMiscPredPltLabel,DCL_TEXT_PRED_PLATELETS_LABEL
*** NO EQUIVALENT IN 5.R ***,DCL_TEXT_PRED_PLATELETS_INIT
*** NO EQUIVALENT IN 5.R ***,DCL_TEXT_PRED_UNITS_11TH_POWER_INIT
textEmptyFormatPredPrevPlasLabelInit,DCL_TEXT_BLANK
textEmptyFormatPredCurrPlasLabelInit,DCL_TEXT_BLANK
textEmptyFormatPredNextPlasLabelInit,DCL_TEXT_BLANK
textEmptyFormatPredPrevPlasInit,DCL_TEXT_BLANK
textEmptyFormatPredCurrPlasInit,DCL_TEXT_BLANK
textEmptyFormatPredNextPlasInit,DCL_TEXT_BLANK
textMiscPredPlasLabel,DCL_TEXT_PRED_PLASMA_LABEL
textEmptyFormatPredCurrRbcLabelInit,DCL_TEXT_BLANK
textEmptyFormatPredNextRbcLabelInit,DCL_TEXT_BLANK
textEmptyFormatPredPrevRbcLabelInit,DCL_TEXT_BLANK
textEmptyFormatPredPrevRbcInit,DCL_TEXT_BLANK
textEmptyFormatPredCurrRbcInit,DCL_TEXT_BLANK
textEmptyFormatPredNextRbcInit,DCL_TEXT_BLANK
textEmptyFormatPredCurrTimeLabelInit,DCL_TEXT_BLANK
textEmptyFormatPredNextTimeLabelInit,DCL_TEXT_BLANK
textEmptyFormatPredPrevTimeLabelInit,DCL_TEXT_BLANK
textEmptyFormatPredPrevTimeInit,DCL_TEXT_BLANK
textEmptyFormatPredCurrTimeInit,DCL_TEXT_BLANK
textEmptyFormatPredNextTimeInit,DCL_TEXT_BLANK
textDataUnitsPredDuration,DCL_TEXT_PRED_TIME_UNITS
textDataUnitsPredPltYield,DCL_TEXT_PRED_PLATELET_ESTIMATE_UNITS
textDataUnitsPredUnitPltYieldExp,DCL_TEXT_PRED_PLATELET_EST_EXP_UNITS
textMiscPredNoProductAvailable,DCL_TEXT_PRED_NO_PRODUCT_AVAILABLE
textButtonLongPredScrollPrev,DCL_TEXT_PRED_PREV_BTN
textButtonLongPredScrollNext,DCL_TEXT_PRED_NEXT_BTN
*** NO EQUIVALENT IN 5.R ***,DCL_TEXT_PRED_DONOR_TIME_BTN
textMiscPredTimeLabel,DCL_TEXT_PRED_DONOR_TIME_BTN_RAW
textButtonLongConfirmProduct,DCL_TEXT_PRED_CONFIRM_PRODUCT_BTN
*** NO EQUIVALENT IN 5.R ***,DCL_TEXT_PRED_TIME_UNITS_BTN
textEmptyFormatAlarmNumberData,DCL_TEXT_EMPTY
textAlarmBodyNoGraphicDonorHypovolemia,DCL_TEXT_ALRM_DONOR_HYPERVOLEMIA
textStatAlarmDonorHypervolemia,DCL_TEXT_ALRM_DONOR_HYPERVOLEMIA_STAT
textListboxItemCfgBloodTypeAll,DCL_TEXT_CONFIG_BLOOD_TYPE_ALL
textStatConfigExitWait,DCL_TEXT_CONFIG_EXIT_WAIT_NOTICE
textListboxItemCfgPlsProcAmap,DCL_TEXT_CONFIG_PLASMA_OPTIMAL
textCfgColLabelCfgPrioBloodType,DCL_TEXT_CONFIG_TYPE_LABEL
textAlarmBodyWithGraphicDrawCycleShort01,DCL_TEXT_DRAW_CYCLE_TOO_SHORT_ALERT_01
textStatAlarmDrawCycleShort00,DCL_TEXT_DRAW_CYCLE_TOO_SHORT_ALERT_STAT
textStatAlarmDrawCycleShort01,DCL_TEXT_DRAW_CYCLE_TOO_SHORT_ALERT_STAT_01
textStatAlarmDrawCycleShort02,DCL_TEXT_DRAW_CYCLE_TOO_SHORT_ALERT_STAT_02
*** NO EQUIVALENT IN 5.R ***,DCL_TEXT_DRBC_WRONG_SET_DETECTED
*** NO EQUIVALENT IN 5.R ***,DCL_TEXT_DRBC_WRONG_SET_DETECTED_STAT
textStatLoadSetDrbc,DCL_TEXT_LOAD_DRBC_TUBING_SET
textAlarmBodyNoGraphicOvertemp,DCL_TEXT_OVERTEMP_FAILURE
textStatAlarmOvertemp,DCL_TEXT_OVERTEMP_FAILURE_STAT
textListboxItemCfgPltProc1,DCL_TEXT_PROD_NAME_PLT1
textListboxItemCfgPltProc2,DCL_TEXT_PROD_NAME_PLT2
textListboxItemCfgPltProc3,DCL_TEXT_PROD_NAME_PLT3
textListboxItemCfgPltProc4,DCL_TEXT_PROD_NAME_PLT4
textListboxItemCfgPltProc5,DCL_TEXT_PROD_NAME_PLT5
textListboxItemCfgPltProc6,DCL_TEXT_PROD_NAME_PLT6
textCfgRowLabelCfgPlt1,DCL_TEXT_PROD_NAME_PLT1
textCfgRowLabelCfgPlt2,DCL_TEXT_PROD_NAME_PLT2
textCfgRowLabelCfgPlt3,DCL_TEXT_PROD_NAME_PLT3
textCfgRowLabelCfgPlt4,DCL_TEXT_PROD_NAME_PLT4
textCfgRowLabelCfgPlt5,DCL_TEXT_PROD_NAME_PLT5
textCfgRowLabelCfgPlt6,DCL_TEXT_PROD_NAME_PLT6
TEXT_PWS_BODY_TITLE,DCL_TEXT_PWS_BODY_TITLE
textEmptyFormatPwsFactotumButton,DCL_TEXT_BLANK
textEmptyFormatPwsFactotumPlac,DCL_TEXT_BLANK
textCfgRowLabelCfgRbc1,DCL_TEXT_RBC1
textCfgRowLabelCfgRbc2,DCL_TEXT_RBC2
textCfgRowLabelCfgRbc3,DCL_TEXT_RBC3
textButtonCancelSalineConnect,DCL_TEXT_RBC_REP_FLUID_CANCEL
textButtonContinueSalineConnect,DCL_TEXT_RBC_REP_FLUID_CONTINUE
textStatSalineConnect,DCL_TEXT_RBC_REP_FLUID_STAT
textDataLabelRs1SalineUsed,DCL_TEXT_RBC_REP_FLUID_USED_LABEL
textEmptyFormatRs1DatSalineUsed,DCL_TEXT_BLANK
textStatRbcVolRangeSplit,DCL_TEXT_RBC_VOLUME_RANGE_SPLIT
*** NO EQUIVALENT IN 5.R ***,DCL_TEXT_REPLACEMENT_FLUID
textCfgScreenLabelRepFluid,DCL_TEXT_REPLACEMENT_FLUID_TITLE
textAlarmBodyWithGraphicResDrawAlert02,DCL_TEXT_RESERVOIR_DRAW_ALERT_02
textAlarmBodyWithGraphicResDrawAlert03,DCL_TEXT_RESERVOIR_DRAW_ALERT_03
textStatAlarmResDrawAlert01,DCL_TEXT_RESERVOIR_DRAW_ALERT_STAT_01
textStatAlarmResDrawAlert02,DCL_TEXT_RESERVOIR_DRAW_ALERT_STAT_02
textStatAlarmResDrawAlert03,DCL_TEXT_RESERVOIR_DRAW_ALERT_STAT_03
textStatAlarmReturnCycleShort00,DCL_TEXT_RETURN_CYCLE_TOO_SHORT_STAT
textMiscSalineBolus,DCL_TEXT_SALINE_BOLUS
textMiscSetIdOperatorPrompt,DCL_TEXT_SET_ID_OPERATOR_PROMPT
*** NO EQUIVALENT IN 5.R ***,DCL_TEXT_SET_ID_PLATELET_PLASMA_BTN
*** NO EQUIVALENT IN 5.R ***,DCL_TEXT_SET_ID_PLATELET_PLASMA_RBC_BTN
*** NO EQUIVALENT IN 5.R ***,DCL_TEXT_SET_ID_RBC_PLASMA_BTN
textStatSetId,DCL_TEXT_SET_ID_STAT
textEmpty,DCL_TEXT_EMPTY
textButtonCancel,DCL_TEXT_CANCEL_BTN
textButtonEndAddition,DCL_TEXT_END_ADDITION
textButtonAlarmEndAddition,DCL_TEXT_END_ADDITION
textButtonLongContinue,DCL_TEXT_CONT_BTN
textButtonLongNextProcedure,DCL_TEXT_RS2_NEXT_PROC
textButtonConfig,DCL_TEXT_CONFIG_BTN
textButtonQuestionMark,DCL_TEXT_HELP_BTN
textProgBarLoad,DCL_TEXT_STAT_LOAD
textProgBarDonorInfo,DCL_TEXT_STAT_INFO
textProgBarDonorPrep,DCL_TEXT_STAT_PREP
textProgBarDonate,DCL_TEXT_STAT_DONATE
textProgBarUnload,DCL_TEXT_STAT_UNLOAD
textButtonGiantLoadSystem,DCL_TEXT_SYSD_LOADSYS
textButtonDonorInfo,DCL_TEXT_SYSD_DONINFO
textMiscInstructionHang,DCL_TEXT_DISP_HANG
textMiscInstructionInsert,DCL_TEXT_DISP_INSERT
textMiscInstructionLoad,DCL_TEXT_DISP_LOAD
textMiscInstructionClose,DCL_TEXT_DISP_CLOSE
textStatDispLowering,DCL_TEXT_DISP_LOWERING
textStatDispRaising,DCL_TEXT_DISP_RAISING
textStatDispLowered,DCL_TEXT_DISP_LOWERED
textMiscTubingSetTest,DCL_TEXT_DISP_TEST_DESCRIP
textStatDispTestComplete,DCL_TEXT_DISP_TEST_COMPLETE
textStatDispTestInProgress,DCL_TEXT_DISP_TEST_INPROGRESS
textMiscInstructionDonConnOpen,DCL_TEXT_DONCONN_OPEN
textMiscInstructionDonConnCloseSeal,DCL_TEXT_DONCONN_FLOW
*** NO EQUIVALENT IN 5.R ***,DCL_TEXT_BLOODSMP_CLOSE
*** NO EQUIVALENT IN 5.R ***,DCL_TEXT_BLOODSMP_SEAL
textButtonLongStartDraw,DCL_TEXT_START_DRAW
textMiscInstructionDispConnectAc,DCL_TEXT_DISP_CONNECT_AC
textMiscInstructionDispSqueezeAc,DCL_TEXT_DISP_SQUEEZE_AC
textMiscInstructionDispLoadAc,DCL_TEXT_DISP_LOAD_AC
textButtonLongBeginDonorPrep,DCL_TEXT_BEGIN_RUN
*** NO EQUIVALENT IN 5.R ***,DCL_TEXT_ABORT_CANCEL_PROC
*** NO EQUIVALENT IN 5.R ***,DCL_TEXT_ABORT_DO_NOT_CANCEL_PROC
*** NO EQUIVALENT IN 5.R ***,DCL_TEXT_ABORT_RINSEBACK
*** NO EQUIVALENT IN 5.R ***,DCL_TEXT_ABORT_DO_NOT_RINSEBACK
*** NO EQUIVALENT IN 5.R ***,DCL_TEXT_SPILLOVER
*** NO EQUIVALENT IN 5.R ***,DCL_TEXT_DO_NOT_SPILLOVER
*** NO EQUIVALENT IN 5.R ***,DCL_TEXT_AIR_IN_PLASMA
*** NO EQUIVALENT IN 5.R ***,DCL_TEXT_DO_NOT_AIR_IN_PLASMA
*** NO EQUIVALENT IN 5.R ***,DCL_TEXT_ABORT_RINSE_MSG
*** NO EQUIVALENT IN 5.R ***,DCL_TEXT_ABORT_SPILL_MSG
*** NO EQUIVALENT IN 5.R ***,DCL_TEXT_ABORT_AIR_IN_PLASMA_MSG
textMiscLabelRs1Procedural,DCL_TEXT_RS1LAB_PROCEDURAL
textDataLabelRs1AcUsed,DCL_TEXT_RS1LAB_TOTAL_AC_USED
*** NO EQUIVALENT IN 5.R ***,DCL_TEXT_RS1LAB_TOTAL_AC_USED_ALTERNATE
textDataLabelRs1EndOfRunTime,DCL_TEXT_RS1LAB_END_OF_RUN_TIME
textDataLabelRs1DurationOfRun,DCL_TEXT_RS1LAB_LENGTH_OF_RUN
textDataLabelRs1PltPostCount,DCL_TEXT_RS1LAB_POST_PLATELET_COUNT
textDataLabelRs1AcToDonor,DCL_TEXT_RS1LAB_ACTUAL_AC_TO_DONOR
*** NO EQUIVALENT IN 5.R ***,DCL_TEXT_RS1LAB_ACTUAL_AC_TO_DONOR_ALTERNATE
textDataLabelRs1PostHct,DCL_TEXT_RS1LAB_POST_HCT
textDataLabelRs1TbvProcessed,DCL_TEXT_RS1LAB_TOT_BLOOD_VOL_PROC
textEmptyFormatRs1DatTotAcUsed,DCL_TEXT_EMPTY
*** NO EQUIVALENT IN 5.R ***,DCL_TEXT_EMPTY
textEmptyFormatRs1DatEndOfRunTime,DCL_TEXT_EMPTY
textEmptyFormatRs1DatLengthOfRun,DCL_TEXT_EMPTY
textEmptyFormatRs1DatPostPltCount,DCL_TEXT_EMPTY
textEmptyFormatRs1DatAcToDonor,DCL_TEXT_EMPTY
*** NO EQUIVALENT IN 5.R ***,DCL_TEXT_EMPTY
textEmptyFormatRs1DatPostHct,DCL_TEXT_EMPTY
textEmptyFormatRs1DatTbvProcessed,DCL_TEXT_EMPTY
textDataUnitsRs1TimeAm,DCL_TEXT_UNITS_AM
textDataUnitsRs1MinLength,DCL_TEXT_UNITS_MIN
textDataUnitsRs1Percent,DCL_TEXT_UNITS_PCT
textStatEndOfRun,DCL_TEXT_STATLINE_END_OF_RUN
textButtonLongNextPage,DCL_TEXT_NEXT_PAGE_BTN
textMiscLabelRs2PltProd,DCL_TEXT_RS2LAB_PLATELET_PROD
textMiscLabelRs2PlasProd,DCL_TEXT_RS2LAB_PLASMA_PROD
textMiscLabelRs2RbcProd,DCL_TEXT_RS2LAB_RBC_PROD
textDataLabelRs2PltYield,DCL_TEXT_RS2LAB_YIELD_OF_PLATELETS
textDataLabelRs2PltAc,DCL_TEXT_RS2LAB_VOLUME_OF_PLATELET_AC
textDataLabelRs2PlasAc,DCL_TEXT_RS2LAB_VOLUME_OF_PLASMA_AC
textDataLabelRs2RbcAc,DCL_TEXT_RS2LAB_VOLUME_OF_RBC_AC
textEmptyFormatRs2DatPltVol,DCL_TEXT_EMPTY
textEmptyFormatRs2DatPltYield,DCL_TEXT_EMPTY
textEmptyFormatRs2DatPltAc,DCL_TEXT_EMPTY
textEmptyFormatRs2DatPlsVol,DCL_TEXT_EMPTY
textEmptyFormatRs2DatPlsAc,DCL_TEXT_EMPTY
textEmptyFormatRs2DatRbcVol,DCL_TEXT_EMPTY
textEmptyFormatRbcAc,DCL_TEXT_EMPTY
textDataUnitsRs2PltYield,DCL_TEXT_UNITS_10_to_11th
textDataUnitsRs2PltYieldExp,DCL_TEXT_UNITS_11TH_POWER
textCfgColLabelCfgPltYieldExponent,DCL_TEXT_UNITS_11TH_POWER
textMiscInstructionSealDetachProd,DCL_TEXT_SEAL_DETACH_PROD
textMiscInstructionDisconnectDonor,DCL_TEXT_DISCONNECT_DONOR
textMiscInstructionRemoveTubingSet,DCL_TEXT_REMOVE_TUBINGSET
textButtonLongDisconnectContinue,DCL_TEXT_DISCONN_FINISHED
textButtonLongDisconnectConfirm,DCL_TEXT_DISCONN_CONFIRM
textStatAcPriming,DCL_TEXT_AC_PRIMING
textKeypadUnitsExponentInit,DCL_TEXT_UNITS_EXPONENT_INIT
textStatReturnPumpStatusReturn,DCL_TEXT_RETURN_PUMP_STATUS_RETURN
textStatReturnPumpStatusDraw,DCL_TEXT_RETURN_PUMP_STATUS_DRAW
textStatBloodPrimeInProgress,DCL_TEXT_BLOOD_PRIME_IN_PROGRESS
textStatRinsebackInProgress,DCL_TEXT_BLOOD_RINSE_IN_PROGRESS
textStatApsLow,DCL_TEXT_ACCESS_PRESSURE_LOW
textStatOptInProgress,DCL_TEXT_OPTIMIZATION_IN_PROGRESS
textButtonGiantDonorVitalsHeight,DCL_TEXT_DONV_DONOR_HEIGHT_BTN
textButtonGiantDonorVitalsWeight,DCL_TEXT_DONV_DONOR_WEIGHT_BTN
textMiscDonorVitalsConfirm,DCL_TEXT_DONV_CONFIRM_TBV_BTN
textMiscUnitsDonorVitalsHeightInches,DCL_TEXT_DONV_HEIGHT_UNITS_IN_BTN
textMiscUnitsDonorVitalsHeightFeet,DCL_TEXT_DONV_HEIGHT_UNITS_FT_BTN
textMiscUnitsDonorVitalsHeightCm,DCL_TEXT_DONV_HEIGHT_UNITS_CM_BTN
textMiscUnitsDonorVitalsWeightLbs,DCL_TEXT_DONV_WEIGHT_UNITS_LBS_BTN
textMiscUnitsDonorVitalsWeightKg,DCL_TEXT_DONV_WEIGHT_UNITS_KG_BTN
textMiscLabelDonorVitalsTbv,DCL_TEXT_DONV_TBV_LABEL
textButtonGiantDonorInfoBloodType,DCL_TEXT_DONI_DONOR_BLOOD_TYPE_BTN
textButtonGiantDonorInfoCrit,DCL_TEXT_DONI_DONOR_HEMATOCRIT_BTN
textButtonGiantDonorInfoPltPrecount,DCL_TEXT_DONI_DONOR_PLATELET_PRECOUNT_BTN
textButtonLongConfirmDonorInfo,DCL_TEXT_DONI_CONFIRM_HCT_BTN
textMiscUnitsDonorInfoHematocrit,DCL_TEXT_DONI_HEMATOCRIT_UNITS_BTN
textMiscUnitsDonorInfoPltPrecount,DCL_TEXT_DONI_PLATELET_PRECOUNT_UNITS_BTN
*** NO EQUIVALENT IN 5.R ***,DCL_TEXT_DONI_TIME_UNITS
*** NO EQUIVALENT IN 5.R ***,DCL_TEXT_DONI_TIME_INIT
textButtonKeypadClear,DCL_TEXT_KPAD_CLEAR
textButtonKeypad9,DCL_TEXT_KPAD_9
textButtonKeypad8,DCL_TEXT_KPAD_8
textButtonKeypad7,DCL_TEXT_KPAD_7
textButtonKeypad6,DCL_TEXT_KPAD_6
textButtonKeypad5,DCL_TEXT_KPAD_5
textButtonKeypad4,DCL_TEXT_KPAD_4
textButtonKeypad3,DCL_TEXT_KPAD_3
textButtonKeypad2,DCL_TEXT_KPAD_2
textButtonKeypad1,DCL_TEXT_KPAD_1
textButtonKeypad0,DCL_TEXT_KPAD_0
textButtonKeypadBloodTypeAbPos,DCL_TEXT_KPAD_AB_POS
textButtonKeypadBloodTypeBPos,DCL_TEXT_KPAD_B_POS
textButtonKeypadBloodTypeAPos,DCL_TEXT_KPAD_A_POS
textButtonKeypadBloodTypeAbNeg,DCL_TEXT_KPAD_AB_NEG
textButtonKeypadBloodTypeBNeg,DCL_TEXT_KPAD_B_NEG
textButtonKeypadBloodTypeANeg,DCL_TEXT_KPAD_A_NEG
textButtonKeypadBloodTypeOPos,DCL_TEXT_KPAD_O_POS
textButtonKeypadBloodTypeONeg,DCL_TEXT_KPAD_O_NEG
textButtonKeypadEnter,DCL_TEXT_KPAD_ENTER
textEmptyFormatKeypadUsrEntryInit,DCL_TEXT_BLANK
textKeypadUnitsFeet,DCL_TEXT_KPAD_HEIGHT_UNITS_FEET_US
textKeypadUnitsInches,DCL_TEXT_KPAD_HEIGHT_UNITS_INCHES_US
textKeypadUnitsCm,DCL_TEXT_KPAD_HEIGHT_UNITS_CM
textKeypadUnitsLbs,DCL_TEXT_KPAD_WEIGHT_UNITS_US
textKeypadUnitsKg,DCL_TEXT_KPAD_WEIGHT_UNITS
textKeypadUnitsCrit,DCL_TEXT_KPAD_HEMATOCRIT_UNITS
textKeypadUnitsPltPrecount,DCL_TEXT_KPAD_PLATELET_PRECOUNT_UNITS
textKeypadUnitsTime,DCL_TEXT_KPAD_TIME_UNITS
textButtonLongRunComplete,DCL_TEXT_RUN_COMPLETE_BTN
textDataUnitsRunProcEstPltYield,DCL_TEXT_RUN_PLATELET_ESTIMATE_UNITS
textDataUnitsRunProcEstPltYieldExponent,DCL_TEXT_RUN_PLATELET_EST_EXP_UNITS
textDataUnitsRunProcCurrentPltYield,DCL_TEXT_RUN_PLATELET_CURRENT_UNITS
textDataUnitsRunProcCurrentPltYieldExponent,DCL_TEXT_RUN_PLATELET_CUR_EXP_UNITS
textDataUnitsRunProcTime,DCL_TEXT_RUN_TIME_UNITS
textDataUnitsRunProcTimeAm,DCL_TEXT_RUN_TIME_UNITS_AM
textDataUnitsRunProcTimePm,DCL_TEXT_RUN_TIME_UNITS_PM
textDataUnitsRunProcTimeDelim,DCL_TEXT_RUN_TIME_UNITS_DELIM
textMiscRunProcStatusDraw,DCL_TEXT_PRESSURE_STATUS_DRAW
textMiscRunProcStatusReturn,DCL_TEXT_PRESSURE_STATUS_RETURN
textMiscRunProcPressureLabel,DCL_TEXT_RUN_PRESSURE_LABEL
textMiscRunProcProductLabelPlt,DCL_TEXT_RUN_PLATELETS_LABEL
textMiscRunProcProductLabelPlasma,DCL_TEXT_RUN_PLASMA_LABEL
textStatRunComplete,DCL_TEXT_RUN_COMPLETE_LABEL
textEmptyFormatRunDrawReturnInit,DCL_TEXT_BLANK
textMiscRunProcInitPltEst,DCL_TEXT_RUN_PLATELETS_EST_INIT
textMiscRunProcInitPltEstExponent,DCL_TEXT_RUN_UNITS_11TH_POWER_EST_INIT
textMiscRunProcInitPltCurrent,DCL_TEXT_RUN_PLATELETS_CUR_INIT
textMiscRunProcInitPltCurrentExponent,DCL_TEXT_RUN_UNITS_11TH_POWER_CUR_INIT
textEmptyFormatRunDonationTimeLeftInit,DCL_TEXT_BLANK
textEmptyFormatRunDonationTimeMidInit,DCL_TEXT_BLANK
textEmptyFormatRunDonationTimeRightInit,DCL_TEXT_BLANK
textButtonAdjustSpillover,DCL_TEXT_ADJ_SPILLOVER_BTN
textButtonAdjustAirInPlasma,DCL_TEXT_ADJ_AIR_IN_PLASMA_BTN
textDataUnitsAdjustTime,DCL_TEXT_ADJ_TIME_UNITS
textMiscAdjustMeterLabelDraw,DCL_TEXT_ADJ_DRAW_LABEL
textMiscAdjustMeterLabelReturn,DCL_TEXT_ADJ_RETURN_LABEL
textMiscAdjustMeterLabelAcReaction,DCL_TEXT_ADJ_AC_REACTION_LABEL
textMiscAdjustMeterLabelClumping,DCL_TEXT_ADJ_CLUMPING_LABEL
textMiscAdjustDonationTimeRemaining,DCL_TEXT_ADJ_DONATION_TIME_REM_LABEL
textMiscAdjustTimeInit,DCL_TEXT_ADJ_TIME_INIT
textButtonAlarmContinue,DCL_TEXT_ALARM_CONTINUE_BTN
textButtonAlarmRinseback,DCL_TEXT_ALARM_RINSEBACK_BTN
textButtonAlarmExit,DCL_TEXT_ALARM_EXIT_BTN
textButtonLongAlarmMoreInfo,DCL_TEXT_ALARM_MORE_INFO_BTN
textButtonAlarmDisabledContinue,DCL_TEXT_ALARM_CONTINUE_DISABLED_BTN
textEmptyFormatAlarmBmpDisplay,DCL_TEXT_BLANK
textEmptyFormatAlarmNoBmpDisplay,DCL_TEXT_BLANK
textMiscCfgMaxValue,DCL_TEXT_CFG_MAX_VALUE
textMiscCfgMinValue,DCL_TEXT_CFG_MIN_VALUE
textCfgScreenLabelMainMenu,DCL_TEXT_CONFIG_MAIN_MENU
textCfgScreenLabelMach,DCL_TEXT_MACHINE
textCfgScreenLabelLang,DCL_TEXT_CONFIG_LANGUAGE
textCfgScreenLabelPls,DCL_TEXT_PLASMA
textCfgScreenLabelPlt,DCL_TEXT_PLATELET
textCfgScreenLabelProc,DCL_TEXT_PROCEDURE
textCfgScreenLabelDonor,DCL_TEXT_DONOR
TEXT_PRIORITY,DCL_TEXT_PRIORITY
textCfgScreenLabelPrio,DCL_TEXT_PRIORITY_SUB
*** NO EQUIVALENT IN 5.R ***,DCL_TEXT_SERVICE
textCfgScreenLabelRbc,DCL_TEXT_RBC
textButtonLongConfigExit,DCL_TEXT_EXIT
textButtonLongConfigReturnToMainMenu,DCL_TEXT_RETURN
*** NO EQUIVALENT IN 5.R ***,DCL_TEXT_ALARM_VOLUME
textButtonLabelCfgLeftLangLanguage,DCL_TEXT_CFG_LANG_LANGUAGE
textButtonLabelCfgLeftLangHeight,DCL_TEXT_CFG_LANG_HEIGHT
textButtonLabelCfgLeftLangWeight,DCL_TEXT_CFG_LANG_WEIGHT
TEXT_CFG_LANG_ENGLISH,DCL_TEXT_CFG_LANG_ENGLISH
TEXT_CFG_LANG_GERMAN,DCL_TEXT_CFG_LANG_GERMAN
TEXT_CFG_LANG_FRENCH,DCL_TEXT_CFG_LANG_FRENCH
TEXT_CFG_LANG_SPANISH,DCL_TEXT_CFG_LANG_SPANISH
TEXT_CFG_LANG_JAPANESE,DCL_TEXT_CFG_LANG_JAPANESE
TEXT_CFG_LANG_ITALIAN,DCL_TEXT_CFG_LANG_ITALIAN
TEXT_CFG_LANG_PORTUGUESE,DCL_TEXT_CFG_LANG_PORTUGUESE
TEXT_CFG_LANG_SWEDISH,DCL_TEXT_CFG_LANG_SWEDISH
TEXT_CFG_LANG_KOREAN,DCL_TEXT_CFG_LANG_KOREAN
TEXT_CFG_LANG_RUSSIAN,DCL_TEXT_CFG_LANG_RUSSIAN
TEXT_CFG_LANG_CZECH,DCL_TEXT_CFG_LANG_CZECH
TEXT_CFG_LANG_POLISH,DCL_TEXT_CFG_LANG_POLISH
TEXT_CFG_LANG_CHINESE,DCL_TEXT_CFG_LANG_CHINESE
*** NO EQUIVALENT IN 5.R ***,DCL_TEXT_CFG_LANG_GREEK
*** NO EQUIVALENT IN 5.R ***,DCL_TEXT_CFG_LANG_TURKISH
textListboxItemCfgWeightKg,DCL_TEXT_CFG_WEIGHT_KG
textListboxItemCfgWeightLb,DCL_TEXT_CFG_WEIGHT_LB
textListboxItemCfgHeightMetric,DCL_TEXT_CFG_HEIGHT_CENTI
textListboxItemCfgHeightEnglish,DCL_TEXT_CFG_HEIGHT_FT
textButtonLabelCfgLeftMachDateFmt,DCL_TEXT_CFG_LANG_DATE
textListboxItemCfgDateMonth,DCL_TEXT_CFG_DATE_MONTH
textListboxItemCfgDateYear,DCL_TEXT_CFG_DATE_YEAR
textButtonLabelCfgLeftMachTimeFmt,DCL_TEXT_CFG_LANG_TIME_FORMAT
textButtonLabelCfgLeftLangDecDelim,DCL_TEXT_CFG_LANG_DECIMAL_DELIMITER
textListboxItemCfgDecDelimComma,DCL_TEXT_CFG_DECIMAL_DELIMITER_COMMA
textListboxItemCfgDecDelimDec,DCL_TEXT_CFG_DECIMAL_DELIMITER_DECIMAL
textButtonLabelCfgLeftProcTime,DCL_TEXT_CFG_PROC_PROCEDURE_TIME
textButtonLabelCfgLeftProcReturnPressure,DCL_TEXT_CFG_PROC_RETURN_PRESS
textButtonLabelCfgLeftProcDrawPressure,DCL_TEXT_CFG_PROC_DRAW_PRESS
textButtonLabelCfgLeftDonAcRate,DCL_TEXT_CFG_DONOR_AC_RATE
textListboxItemCfgAcRateSlow,DCL_TEXT_CFG_AC_RATE_SLOW
textListboxItemCfgAcRateModerate,DCL_TEXT_CFG_AC_RATE_MODERATE
textListboxItemCfgAcRateFast,DCL_TEXT_CFG_AC_RATE_FAST
textButtonCfgTbvSetting,DCL_TEXT_CFG_TBV_SETTING
textButtonCfgVolSetting,DCL_TEXT_CFG_VOLUME_SETTING
textButtonCfgDonTbvPercent,DCL_TEXT_CFG_DONOR_TBV_PERCENT
textButtonLabelCfgLeftPltYsf,DCL_TEXT_CFG_PLATE_YSF
textCfgRowLabelCfgPrio1,DCL_TEXT_CFG_ADJ_PROCEDURE_A
textCfgRowLabelCfgPrio2,DCL_TEXT_CFG_ADJ_PROCEDURE_B
textCfgRowLabelCfgPrio3,DCL_TEXT_CFG_ADJ_PROCEDURE_C
textCfgRowLabelCfgPrio4,DCL_TEXT_CFG_ADJ_PROCEDURE_D
textCfgRowLabelCfgPrio5,DCL_TEXT_CFG_ADJ_PROCEDURE_E
textCfgRowLabelCfgPrio6,DCL_TEXT_CFG_ADJ_PROCEDURE_F
textCfgRowLabelCfgPrio7,DCL_TEXT_CFG_ADJ_PROCEDURE_G
textCfgRowLabelCfgPrio8,DCL_TEXT_CFG_ADJ_PROCEDURE_H
textCfgRowLabelCfgPrio9,DCL_TEXT_CFG_ADJ_PROCEDURE_I
textCfgRowLabelCfgPrio10,DCL_TEXT_CFG_ADJ_PROCEDURE_J
textCfgRowLabelCfgPrio11,DCL_TEXT_CFG_ADJ_PROCEDURE_K
textCfgRowLabelCfgPrio12,DCL_TEXT_CFG_ADJ_PROCEDURE_L
textCfgRowLabelCfgPrio13,DCL_TEXT_CFG_ADJ_PROCEDURE_M
textCfgRowLabelCfgPrio14,DCL_TEXT_CFG_ADJ_PROCEDURE_N
textCfgRowLabelCfgPrio15,DCL_TEXT_CFG_ADJ_PROCEDURE_O
*** NO EQUIVALENT IN 5.R ***,DCL_TEXT_CFG_ADJ_NONE
*** NO EQUIVALENT IN 5.R ***,DCL_TEXT_CFG_ADJ_LOW
*** NO EQUIVALENT IN 5.R ***,DCL_TEXT_CFG_ADJ_MED
*** NO EQUIVALENT IN 5.R ***,DCL_TEXT_CFG_ADJ_HIGH
textListboxItemCfgAdjPossible,DCL_TEXT_CFG_ADJ_POSSIBLE
*** NO EQUIVALENT IN 5.R ***,DCL_TEXT_CFG_ADJ_YES
textCfgColLabelCfgPrioPlt,DCL_TEXT_CFG_ADJ_PLATE
textCfgColLabelCfgPrioPls,DCL_TEXT_CFG_ADJ_PLASM
textCfgColLabelCfgPrioRbc,DCL_TEXT_CFG_ADJ_RBC
textCfgColLabelCfgPrioTime,DCL_TEXT_CFG_ADJ_TIME
textMiscBloodTypeAbPos,DCL_TEXT_CFG_BLOOD_TYPE_AB_POS
textMiscBloodTypeAbNeg,DCL_TEXT_CFG_BLOOD_TYPE_AB_NEG
textMiscBloodTypeAPos,DCL_TEXT_CFG_BLOOD_TYPE_A_POS
textMiscBloodTypeANeg,DCL_TEXT_CFG_BLOOD_TYPE_A_NEG
textMiscBloodTypeBPos,DCL_TEXT_CFG_BLOOD_TYPE_B_POS
textMiscBloodTypeBNeg,DCL_TEXT_CFG_BLOOD_TYPE_B_NEG
textMiscBloodTypeOPos,DCL_TEXT_CFG_BLOOD_TYPE_O_POS
textListboxItemCfgBloodTypeOn,DCL_TEXT_CFG_BLOOD_TYPE_O_NEG
textEmptyFormatCfgNumericTextFormatNull,DCL_TEXT_EMPTY
textButtonLabelCfgLeftMachAudio,DCL_TEXT_AUDIO
textListboxItemCfgMachLow,DCL_TEXT_CFG_MACH_LOW
textListboxItemCfgMachMed,DCL_TEXT_CFG_MACH_MED
textListboxItemCfgMachHigh,DCL_TEXT_CFG_MACH_HIGH
textStatAlarmPrimeTooSoon,DCL_TEXT_PRIME_TOO_SOON_STAT
textStatAlarmApsLow02,DCL_TEXT_ACCESS_PRESSURE_TOO_LOW_STAT_02
textStatAlarmInletPressureFailure01,DCL_TEXT_FAILURE_TO_PRESSURIZE_INLET_STAT_01
textStatAlarmApsLow03,DCL_TEXT_ACCESS_PRESSURE_TOO_LOW_STAT_03
textAlarmBodyNoGraphicAcOnDuringReturn,DCL_TEXT_AC_ON_DURING_RETURN
textAlarmBodyWithGraphicAcLevel01,DCL_TEXT_AC_LEVEL_ALERT_01
textAlarmBodyNoGraphicDonorAir,DCL_TEXT_DONOR_AIR_ALARM
textStatAlarmInletPressureFailure02,DCL_TEXT_FAILURE_TO_PRESSURIZE_INLET_STAT_02
textStatAlarmApsLow04,DCL_TEXT_ACCESS_PRESSURE_TOO_LOW_STAT_04
textAlarmBodyWithGraphicAcLevel02,DCL_TEXT_AC_LEVEL_ALERT_02
textAlarmBodyNoGraphicFirstCycleEarly,DCL_TEXT_FIRST_CYCLE_SEEN_TO_SOON_ALERT
textStatAlarmInletPressureFailure03,DCL_TEXT_FAILURE_TO_PRESSURIZE_INLET_STAT_03
textAlarmBodyWithGraphicAcLevel03,DCL_TEXT_AC_LEVEL_ALERT_03
textStatAlarmCassetteFailure01,DCL_TEXT_CASSETTE_FAILURE_STAT_01
textAlarmBodyNoGraphicCentrifugeOverspeed,DCL_TEXT_CENTRIFUGE_OVERSPEED_ALERT
textStatAlarmApsLow05,DCL_TEXT_ACCESS_PRESSURE_TOO_LOW_STAT_05
textAlarmBodyNoGraphicDrawCycleSmall,DCL_TEXT_FIRST_DRAW_CYCLE_TOO_SMALL
textStatAlarmInletPressureFailure04,DCL_TEXT_FAILURE_TO_PRESSURIZE_INLET_STAT_04
textAlarmBodyNoGraphicInvalidStateTransition,DCL_TEXT_STATE_TRANSITION_INVALID
textStatAlarmCassetteMovementFailure,DCL_TEXT_FAILURE_TO_MOVE_CASSETTE_STAT
textAlarmBodyNoGraphic12vLow,DCL_TEXT__12V_TOO_LOW
textAlarmBodyNoGraphicSafetyRecyclePower,DCL_TEXT_SAFETY_RECYCLE_POWER_ALARM
textStatAlarmLowLevelLate,DCL_TEXT_LOW_LEVEL_SENSOR_SEEN_TOO_LATE_FAILURE_STAT
textAlarmBodyWithGraphicPressurizeInletFailure02,DCL_TEXT_FAILURE_TO_PRESSURIZE_INLET_02
textStatAlarmCassetteNotDown,DCL_TEXT_CASSETTE_NOT_DOWN_STAT
textAlarmBodyNoGraphicPwrSwitch24vFailure,DCL_TEXT_PWR_SWITCH_24V_FAILED
textAlarmBodyWithGraphicPressurizeInletFailure03,DCL_TEXT_FAILURE_TO_PRESSURIZE_INLET_03
textAlarmBodyWithGraphicCassetteFailure01,DCL_TEXT_CASSETTE_FAILURE_01
textAlarmBodyNoGraphicDonorHeightLow,DCL_TEXT_DONOR_HEIGHT_TOO_LOW
textAlarmBodyNoGraphicSafetyT1Failure,DCL_TEXT_SAFETY_T1_FAILURE
textStatAlarmProcedureModified,DCL_TEXT_PROCEDURE_MODIFIED_STAT
textStatAlarmDonorPrecountRangeError,DCL_TEXT_DONOR_PRECOUNT_RANGE_ERROR_STAT
textAlarmBodyNoGraphic24vLow,DCL_TEXT__24V_TOO_LOW
textAlarmBodyNoGraphicDonorHeightHigh,DCL_TEXT_DONOR_HEIGHT_TOO_HIGH
textStatAlarmAcPumpMovement,DCL_TEXT_INAPPROPRIATE_AC_PUMP_MOVEMENT_STAT
textAlarmBodyNoGraphicDonorWeightLow,DCL_TEXT_DONOR_WEIGHT_TOO_LOW
textAlarmBodyNoGraphicReturnPumpSpeedRb,DCL_TEXT_RETURN_PUMP_SPEED_ALARM_RB
textAlarmBodyNoGraphicCpsShutdownFailure,DCL_TEXT_CENTRIFUGE_SHUTDOWN_FAILURE
textStatAlarmCentrifugeOverspeed,DCL_TEXT_CENTRIFUGE_OVERSPEED_ALERT_STAT
textStatAlarmResFailure,DCL_TEXT_RESERVOIR_FAILED_T0_STAT
textStatAlarmCentrifugeHardwareFailure,DCL_TEXT_CENTRIFUGE_HARDWARE_FAILURE_STAT
textAlarmBodyWithGraphicSpilloverDetected,DCL_TEXT_SPILLOVER_DETECTED
textStatAlarmAcLevel00,DCL_TEXT_AC_LEVEL_ALERT_STAT
textAlarmBodyNoGraphicValveLedError,DCL_TEXT_VALVE_LED_ERROR
textAlarmBodyNoGraphicPrimeEarly,DCL_TEXT_PRIME_TOO_SOON
textAlarmBodyNoGraphicPauseSwFailure,DCL_TEXT_PAUSE_SW_FAILED
textAlarmBodyNoGraphicCassetteMovement,DCL_TEXT_INNAPROPRIATE_CASSETTE_MOVEMENT
textAlarmBodyNoGraphicDonorTbvHigh,DCL_TEXT_DONOR_TBV_TOO_HIGH
textAlarmBodyNoGraphicCentrifugeHardwareFailure,DCL_TEXT_CENTRIFUGE_HARDWARE_FAILURE
textStatAlarm64vTooHigh,DCL_TEXT__64V_TOO_HIGH_STAT
textStatAlarmLowLevelPriorToExpected,DCL_TEXT_LOW_LEVEL_DETECTED_PRIOR_TO_EXPECTED_STAT
textAlarmBodyNoGraphicDrawCycleBig,DCL_TEXT_DRAW_CYCLE_TOO_BIG
textAlarmBodyNoGraphicAcPriorToAcPrime,DCL_TEXT_AC_DETECTED_PRIOR_TO_AC_PRIME_FAILURE
textAlarmBodyNoGraphicTbvUnitsUnknown,DCL_TEXT_TBV_UNITS_UNKNOWN
textAlarmBodyWithGraphicUnloadingBadSetPosition,DCL_TEXT_UNLOADING_BAD_CASSETTTE_POSITION
textStatAlarmResDrawAlert00,DCL_TEXT_RESERVOIR_DRAW_ALERT_STAT
textStatAlarmPwrSwitch64vFailure,DCL_TEXT_PWR_SWITCH_64V_FAILED_STAT
textStatAlarmPwrSwitch24vFailure,DCL_TEXT_PWR_SWITCH_24V_FAILED_STAT
textAlarmBodyNoGraphicLowLevelLate,DCL_TEXT_LOW_LEVEL_SENSOR_SEEN_TOO_LATE_FAILURE
textStatAlarmDisconnectError01,DCL_TEXT_DISCONNECT_TEST_ALERT_STAT_01
textAlarmBodyNoGraphicDonorHctRange,DCL_TEXT_DONOR_HCT_RANGE_ERROR
textStatAlarmDisconnectError02,DCL_TEXT_DISCONNECT_TEST_ALERT_STAT_02
textStatAlarmDonorWeightLow,DCL_TEXT_DONOR_WEIGHT_TOO_LOW_STAT
textStatAlarmDisconnectError03,DCL_TEXT_DISCONNECT_TEST_ALERT_STAT_03
textStatAlarmAcPrimeInletFailure,DCL_TEXT_AC_PRIME_FAILURE_STAT
textStatAlarmSafetyRecyclePower,DCL_TEXT_SAFETY_RECYCLE_POWER_ALARM_STAT
textStatAlarmMinus12vLow,DCL_TEXT_minus12V_TOO_LOW_STAT
textStatAlarmMinus12vHigh,DCL_TEXT_minus12V_TOO_HIGH_STAT
textAlarmBodyWithGraphicResReturn01,DCL_TEXT_RESERVOIR_RETURN_ALERT_01
textStatAlarm1stCycleLate,DCL_TEXT_FIRST_CYCLE_SEEN_TO_LATE_ALERT_STAT
textStatAlarmLeakTestFailure,DCL_TEXT_LEAK_TEST_FAILURE_STAT
textStatAlarmValveHardwareFailure,DCL_TEXT_VALVE_HARDWARE_FAILURE_STAT
textAlarmBodyNoGraphicPltHallHigh,DCL_TEXT_PLATELET_PUMP_HALL_TOO_BIG
textStatAlarm12vTooLow,DCL_TEXT__12V_TOO_LOW_STAT
textAlarmBodyNoGraphicPltOutOfPosition,DCL_TEXT_PLATELET_OUT_OF_POSITION
textStatAlarmCentSpinDoorNotLocked,DCL_TEXT_DOOR_NOT_LOCKED_CENTRIFUGE_SPINNING_STAT
textStatAlarmReservoirAlert,DCL_TEXT_RESERVOIR_ALERT_STAT
*** NO EQUIVALENT IN 5.R ***,DCL_TEXT_RBC_COLLECT_VOLUME_TOO_HIGH_ALARM
textAlarmBodyNoGraphicLowLevelEarly,DCL_TEXT_LOW_LEVEL_SENSOR_SEEN_TOO_SOON_FAILURE
textStatAlarmCassetteFailure00,DCL_TEXT_CASSETTE_FAILURE_STAT
textAlarmBodyWithGraphicAcLevel00,DCL_TEXT_AC_LEVEL_ALERT
textAlarmBodyNoGraphicPwrSwitch64vFailure,DCL_TEXT_PWR_SWITCH_64V_FAILED
textStatAlarmLeakDetectorFailure,DCL_TEXT_LEAK_DETECT_ERROR_FAILURE_STAT
textStatAlarmDisconnectError00,DCL_TEXT_DISCONNECT_TEST_ALERT_STAT
textStatAlarmValveTestFailure,DCL_TEXT_VALVE_TEST_FAILURE_STAT
textAlarmBodyWithGraphicResAlert,DCL_TEXT_RESERVOIR_ALERT
textStatAlarmCpsHigh01,DCL_TEXT_CENTRIFUGE_PRESSURE_TOO_HIGH_STAT_01
textAlarmBodyNoGraphicCentrifugeError,DCL_TEXT_CENTRIFUGE_ERROR
textStatAlarmCpsHigh02,DCL_TEXT_CENTRIFUGE_PRESSURE_TOO_HIGH_STAT_02
textStatAlarmDoorLatchFailure,DCL_TEXT_DOOR_LATCH_FAILURE_STAT
textAlarmBodyNoGraphicSwFault,DCL_TEXT_SW_FAULT
textAlarmBodyNoGraphicStopSwFailed,DCL_TEXT_STOP_SW_FAILED
textStatAlarmCpsHigh03,DCL_TEXT_CENTRIFUGE_PRESSURE_TOO_HIGH_STAT_03
textStatAlarmDrawCycleLong,DCL_TEXT_DRAW_CYCLE_TOO_BIG_STAT
textStatAlarmPltPumpPosition,DCL_TEXT_PLATELET_OUT_OF_POSITION_STAT
textAlarmBodyNoGraphicMinus12vHigh,DCL_TEXT_minus12V_TOO_HIGH
textAlarmBodyNoGraphicCentrifugeOverspeedFailure,DCL_TEXT_CENTRIFUGE_OVERSPEED
textAlarmBodyNoGraphicReturnHallHigh,DCL_TEXT_RETURN_PUMP_HALL_TOO_BIG
textAlarmBodyNoGraphicRbcDetectorCal,DCL_TEXT_RBC_DETECTOR_CAL_FAILURE
textStatAlarmPlasmaValveFailure,DCL_TEXT_PLASMA_VALVE_FAILURE_STAT
textStatAlarmApsHigh01,DCL_TEXT_ACCESS_PRESSURE_TOO_HIGH_STAT_01
textAlarmBodyNoGraphic12vHigh,DCL_TEXT__12V_TOO_HIGH
textAlarmBodyNoGraphicAcRatioLow,DCL_TEXT_AC_RATIO_TOO_LOW_ALARM
textStatAlarmHypovolemia,DCL_TEXT_HYPOVOLEMIA_ALERT_STAT
textAlarmBodyNoGraphicCassetteNotDown,DCL_TEXT_CASSETTE_NOT_DOWN
textStatAlarmCentrifugeOverspeedFailure,DCL_TEXT_CENTRIFUGE_OVERSPEED_STAT
textStatAlarmApsHigh02,DCL_TEXT_ACCESS_PRESSURE_TOO_HIGH_STAT_02
textStatAlarmAcLevel01,DCL_TEXT_AC_LEVEL_ALERT_STAT_01
textStatAlarmApsHigh03,DCL_TEXT_ACCESS_PRESSURE_TOO_HIGH_STAT_03
textStatAlarmAcLevel02,DCL_TEXT_AC_LEVEL_ALERT_STAT_02
textStatAlarmApsHigh04,DCL_TEXT_ACCESS_PRESSURE_TOO_HIGH_STAT_04
textStatAlarmAcLevel03,DCL_TEXT_AC_LEVEL_ALERT_STAT_03
textStatAlarmMotorHardwareFailure,DCL_TEXT_MOTOR_HARDWARE_FAILURE_STAT
*** NO EQUIVALENT IN 5.R ***,DCL_TEXT_COUNT_PRODUCT
textAlarmBodyNoGraphicMinus12vLow,DCL_TEXT_minus12V_TOO_LOW
textStatAlarm12vTooHigh,DCL_TEXT__12V_TOO_HIGH_STAT
textStatAlarmStopButton,DCL_TEXT_STOP_BUTTON_ALERT_STAT
textStatAlarmRbcWbProcessedTooLarge,DCL_TEXT_RBC_WB_PROCESSED_TOO_LARGE_STAT
textStatAlarmPwrSwitchBothFailed,DCL_TEXT_PWR_SWITCH_BOTH_FAILED_STAT
textStatAlarmLeakDetected,DCL_TEXT_LEAK_DETECTED_STAT
textAlarmBodyNoGraphicAcRatioHigh,DCL_TEXT_AC_RATIO_TOO_HIGH_ALARM
textAlarmBodyNoGraphicResFailure,DCL_TEXT_RESERVOIR_FAILED_T0
textStatAlarmLowLevelEarly,DCL_TEXT_LOW_LEVEL_SENSOR_SEEN_TOO_SOON_FAILURE_STAT
*** NO EQUIVALENT IN 5.R ***,DCL_TEXT_RBC_COLLECT_VOLUME_TOO_HIGH_ALARM_STAT
textStatAlarmHypovolemiaFailure,DCL_TEXT_DONOR_HYPOVOLEMIA_ALARM_STAT
textStatAlarmCassetteMovement,DCL_TEXT_INNAPROPRIATE_CASSETTE_MOVEMENT_STAT
textStatAlarmCollectValveFailure,DCL_TEXT_COLLECT_VALVE_FAILURE_STAT
*** NO EQUIVALENT IN 5.R ***,DCL_TEXT_COUNT_PRODUCT_STAT
textStatAlarmCalDetectorFailure,DCL_TEXT_RBC_DETECTOR_CAL_FAILURE_STAT
textAlarmBodyWithGraphicApsHigh00,DCL_TEXT_ACCESS_PRESSURE_TOO_HIGH
textStatAlarmPlasmaPumpPosition,DCL_TEXT_PLASMA_OUT_OF_POSITION_STAT
textStatAlarmAcPriorToPrime,DCL_TEXT_AC_DETECTED_PRIOR_TO_AC_PRIME_FAILURE_STAT
textStatAlarmTbvUnitsUnknown,DCL_TEXT_TBV_UNITS_UNKNOWN_STAT
textAlarmBodyNoGraphicAcPrimeFailure,DCL_TEXT_AC_PRIME_FAILURE
textStatAlarmDoorOpen,DCL_TEXT_DOOR_OPEN_ALERT_STAT
textAlarmBodyNoGraphic64vHigh,DCL_TEXT__64V_TOO_HIGH
textStatAlarmDonorTbvHigh,DCL_TEXT_DONOR_TBV_TOO_HIGH_STAT
textStatAlarmSwFault,DCL_TEXT_SW_FAULT_STAT
textAlarmBodyWithGraphicCpsHigh02,DCL_TEXT_CENTRIFUGE_PRESSURE_TOO_HIGH_02
textAlarmBodyNoGraphicTbvComparisonFailed,DCL_TEXT_TBV_COMPARISON_FAILED
textStatAlarmCpsHigh00,DCL_TEXT_CENTRIFUGE_PRESSURE_TOO_HIGH_STAT
textAlarmBodyNoGraphic10MinPause,DCL_TEXT_TEN_MINUTE_PAUSE_ALARM
textAlarmBodyNoGraphicWbProcessedHigh,DCL_TEXT_RBC_WB_PROCESSED_TOO_LARGE
textStatAlarmDonorHeightHigh,DCL_TEXT_DONOR_HEIGHT_TOO_HIGH_STAT
textStatAlarm24vTooLow,DCL_TEXT__24V_TOO_LOW_STAT
textStatAlarmResReturnAlert00,DCL_TEXT_RESERVOIR_RETURN_ALERT_STAT
textStatAlarmRbcPumpPosition,DCL_TEXT_RBC_OUT_OF_POSITION_STAT
textStatAlarmOcclusionDetected,DCL_TEXT_AC_OCCLUSION_DETECTED_STAT
textAlarmBodyNoGraphicDonorTbvLow,DCL_TEXT_DONOR_TBV_TOO_LOW
textStatAlarmAcRatioHigh,DCL_TEXT_AC_RATIO_TOO_HIGH_ALARM_STAT
textStatAlarm24vTooHigh,DCL_TEXT__24V_TOO_HIGH_STAT
textAlarmBodyNoGraphicDonorSexInvalid,DCL_TEXT_DONOR_SEX_INVALID
textAlarmBodyWithGraphicDisconnectTestFail01,DCL_TEXT_DISCONNECT_TEST_FAILURE_01
textAlarmBodyWithGraphicDisconnectTest01,DCL_TEXT_DISCONNECT_TEST_ALERT_01
textAlarmBodyWithGraphicDisconnectTestFail02,DCL_TEXT_DISCONNECT_TEST_FAILURE_02
textAlarmBodyWithGraphicDisconnectTest02,DCL_TEXT_DISCONNECT_TEST_ALERT_02
textStatAlarmRbcValveFailure,DCL_TEXT_RBC_VALVE_FAILURE_STAT
textStatAlarmInletReliefFailure,DCL_TEXT_FAILURE_TO_RELIEVE_PRESSURE_STAT
textAlarmBodyWithGraphicDisconnectTest03,DCL_TEXT_DISCONNECT_TEST_ALERT_03
textAlarmBodyWithGraphicDisconnectTestFail03,DCL_TEXT_DISCONNECT_TEST_FAILURE_03
textStatAlarm1MinPause,DCL_TEXT_ONE_MINUTE_PAUSE_ALERT_STAT
textStatAlarm1stDrawCycleShort,DCL_TEXT_FIRST_DRAW_CYCLE_TOO_SMALL_STAT
textStatAlarmAcRatioLow,DCL_TEXT_AC_RATIO_TOO_LOW_ALARM_STAT
textStatAlarmCentrifugeError,DCL_TEXT_CENTRIFUGE_ERROR_STAT
textStatAlarmCentrifugeShutdown,DCL_TEXT_CENTRIFUGE_SHUTDOWN_FAILURE_STAT
textAlarmBodyNoGraphic24vHigh,DCL_TEXT__24V_TOO_HIGH
textStatAlarmReturnPumpSpeed,DCL_TEXT_RETURN_PUMP_SPEED_ALARM_RB_STAT
textAlarmBodyNoGraphicHypovolemia,DCL_TEXT_HYPOVOLEMIA_ALERT
textStatAlarmResReturnAlert01,DCL_TEXT_RESERVOIR_RETURN_ALERT_STAT_01
textStatAlarmPauseButton,DCL_TEXT_PAUSE_BUTTON_ALERT_STAT
textAlarmBodyNoGraphicPlasmaOutOfPosition,DCL_TEXT_PLASMA_OUT_OF_POSITION
textStatAlarm1stCycleEarly,DCL_TEXT_FIRST_CYCLE_SEEN_TO_SOON_ALERT_STAT
textAlarmBodyNoGraphicAcInfusionHigh,DCL_TEXT_AC_INFUSION_HIGH_ALARM
textStatAlarmValveMovementFailure,DCL_TEXT_FAILURE_TO_MOVE_VALVE_STAT
textStatAlarmSafetyT1Failure,DCL_TEXT_SAFETY_T1_FAILURE_STAT
textStatAlarmPowerTestFailure,DCL_TEXT_POWER_TEST_FAILURE_STAT
textStatAlarmDisconnectFailure00,DCL_TEXT_DISCONNECT_TEST_FAILURE_STAT
textStatAlarm64vTooLow,DCL_TEXT__64V_TOO_LOW_STAT
textAlarmBodyNoGraphic64vLow,DCL_TEXT__64V_TOO_LOW
textStatAlarmUnloadingBagCassettePosition,DCL_TEXT_UNLOADING_BAD_CASSETTTE_POSITION_STAT
textAlarmBodyNoGraphicPwrSwitchBothFailure,DCL_TEXT_PWR_SWITCH_BOTH_FAILED
textStatAlarmPauseSwFailure,DCL_TEXT_PAUSE_SW_FAILED_STAT
textAlarmBodyNoGraphicAcPumpMovement,DCL_TEXT_INAPPROPRIATE_AC_PUMP_MOVEMENT
textStatAlarmApsHigh00,DCL_TEXT_ACCESS_PRESSURE_TOO_HIGH_STAT
textStatAlarmSpilloverDetected,DCL_TEXT_SPILLOVER_DETECTED_STAT
textStatAlarmDonorSexInvalid,DCL_TEXT_DONOR_SEX_INVALID_STAT
textStatAlarmStateTransitionInvalid,DCL_TEXT_STATE_TRANSITION_INVALID_STAT
textAlarmBodyWithGraphicApsLow00,DCL_TEXT_ACCESS_PRESSURE_TOO_LOW
textStatAlarmDonorHeightLow,DCL_TEXT_DONOR_HEIGHT_TOO_LOW_STAT
textStatAlarmStopSwFailure,DCL_TEXT_STOP_SW_FAILED_STAT
textStatAlarm10MinPause,DCL_TEXT_TEN_MINUTE_PAUSE_ALERT_STAT
textStatAlarm10MinPauseFailure,DCL_TEXT_TEN_MINUTE_PAUSE_ALARM_STAT
textStatAlarmDisconnectFailure01,DCL_TEXT_DISCONNECT_TEST_FAILURE_STAT_01
textStatAlarmDisconnectFailure02,DCL_TEXT_DISCONNECT_TEST_FAILURE_STAT_02
textStatAlarmDisconnectFailure03,DCL_TEXT_DISCONNECT_TEST_FAILURE_STAT_03
textAlarmBodyNoGraphicDonorWeightHigh,DCL_TEXT_DONOR_WEIGHT_TOO_HIGH
textAlarmBodyWithGraphicApsHigh01,DCL_TEXT_ACCESS_PRESSURE_TOO_HIGH_01
textStatAlarmAcInfusionHigh,DCL_TEXT_AC_INFUSION_HIGH_ALARM_STAT
textStatAlarmHctRangeError,DCL_TEXT_DONOR_HCT_RANGE_ERROR_STAT
textAlarmBodyWithGraphicApsHigh02,DCL_TEXT_ACCESS_PRESSURE_TOO_HIGH_02
textAlarmBodyWithGraphicApsLow01,DCL_TEXT_ACCESS_PRESSURE_TOO_LOW_01
textStatAlarmTbvComparisonFailed,DCL_TEXT_TBV_COMPARISON_FAILED_STAT
textAlarmBodyWithGraphicApsHigh03,DCL_TEXT_ACCESS_PRESSURE_TOO_HIGH_03
textAlarmBodyWithGraphicApsLow02,DCL_TEXT_ACCESS_PRESSURE_TOO_LOW_02
textStatAlarmDonorWeightHigh,DCL_TEXT_DONOR_WEIGHT_TOO_HIGH_STAT
textStatAlarmPumpOverspeedCommand,DCL_TEXT_PUMP_OVERSPEED_COMMAND_FAILURE_STAT
textAlarmBodyWithGraphicApsLow03,DCL_TEXT_ACCESS_PRESSURE_TOO_LOW_03
textStatAlarmInletPressureFailure00,DCL_TEXT_FAILURE_TO_PRESSURIZE_INLET_STAT
textAlarmBodyWithGraphicApsLow04,DCL_TEXT_ACCESS_PRESSURE_TOO_LOW_04
textStatAlarmApsLow00,DCL_TEXT_ACCESS_PRESSURE_TOO_LOW_STAT
textStatAlarmDoorLatchError,DCL_TEXT_DOOR_LOCK_ALERT_STAT
textAlarmBodyNoGraphicRbcOutOfPosition,DCL_TEXT_RBC_OUT_OF_POSITION
textAlarmBodyNoGraphicDonorHypovolemiaFailure,DCL_TEXT_DONOR_HYPOVOLEMIA_ALARM
textStatAlarmAcDuringReturn,DCL_TEXT_AC_ON_DURING_RETURN_STAT
textStatAlarmDonorTbvLow,DCL_TEXT_DONOR_TBV_TOO_LOW_STAT
textAlarmBodyNoGraphicDonorPrecountRange,DCL_TEXT_DONOR_PRECOUNT_RANGE_ERROR
textStatAlarmPumpRpmCommand,DCL_TEXT_PUMP_RPM_COMMAND_FAILURE_STAT
textAlarmBodyNoGraphicLowLevelPriorToExpected,DCL_TEXT_LOW_LEVEL_DETECTED_PRIOR_TO_EXPECTED
textStatAlarmApsLow01,DCL_TEXT_ACCESS_PRESSURE_TOO_LOW_STAT_01
textAlarmBodyNoGraphicCentSpinDoorUnlocked,DCL_TEXT_DOOR_NOT_LOCKED_CENTRIFUGE_SPINNING
textAlarmBodyNoGraphicPltConcLow,DCL_TEXT_PLATELET_CONCENTRATION_LOW_ALERT
textStatAlarmPltConcLow,DCL_TEXT_PLATELET_CONCENTRATION_LOW_ALERT_STAT
textAlarmBodyNoGraphicCassetteUnrecognized,DCL_TEXT_CASSETTE_UNRECOGNIZED_ALERT
textStatAlarmCassetteNotRecognized,DCL_TEXT_CASSETTE_UNRECOGNIZED_ALERT_STAT
*** NO EQUIVALENT IN 5.R ***,DCL_TEXT_CASSETTE_INVALID_FOR_PROCEDURE_ALERT
*** NO EQUIVALENT IN 5.R ***,DCL_TEXT_CASSETTE_INVALID_FOR_PROCEDURE_ALERT_STAT
textCfgColLabelCfgRbcDose,DCL_TEXT_CFG_RBC_RBC_DOSE
textCfgColLabelCfgRbcCrit,DCL_TEXT_CFG_RBC_CRIT_RBC_PRODUCT
TEXT_CFG_EQUAL_SIGN_RBC,DCL_TEXT_CFG_EQUAL_SIGN
TEXT_CFG_MULTI_SIGN_RBC,DCL_TEXT_CFG_MULTIPLY_SIGN
TEXT_CFG_EQUAL_SIGN_SDP,DCL_TEXT_CFG_EQUAL_SIGN
TEXT_CFG_MULTIPLY_SIGN_SDP,DCL_TEXT_CFG_MULTIPLY_SIGN
TEXT_CFG_EQUAL_SIGN_DPP,DCL_TEXT_CFG_EQUAL_SIGN
TEXT_CFG_MULTIPLY_SIGN_DPP,DCL_TEXT_CFG_MULTIPLY_SIGN
TEXT_CFG_EQUAL_SIGN_TPP,DCL_TEXT_CFG_EQUAL_SIGN
TEXT_CFG_MULTIPLY_SIGN_TPP,DCL_TEXT_CFG_MULTIPLY_SIGN
textListboxItemCfgDateDay,DCL_TEXT_CFG_DATE_DAY
textStatCfgPltConcRange,DCL_TEXT_CFG_PLATELET_CONCENTRATION_ALERT
textListboxItemCfgBloodTypeOpOnApAn,DCL_TEXT_CFG_BLOOD_TYPE_OP_ON_AP_AN
textListboxItemCfgBloodTypeOnOp,DCL_TEXT_CFG_BLOOD_TYPE_ON_OP
textListboxItemCfgBloodTypeOnAn,DCL_TEXT_CFG_BLOOD_TYPE_ON_AN
textListboxItemCfgBloodTypeAnAp,DCL_TEXT_CFG_BLOOD_TYPE_AN_AP
textListboxItemCfgBloodTypeBnBp,DCL_TEXT_CFG_BLOOD_TYPE_BN_BP
textMiscBloodTypeAnBnApBp,DCL_TEXT_CFG_BLOOD_TYPE_AN_BN_AP_BP
textButtonLabelCfgLeftDonPostPlat,DCL_TEXT_CFG_DONOR_POST_PLAT
textStatLoadSet,DCL_TEXT_LOAD_TUBING_SET
textMiscTrimaVersion,DCL_TEXT_PWRUP_VERSION
textStatAlarmMaintainDonorAccessError,DCL_TEXT_MAINTAIN_DONOR_ACCESS_ALERT_STAT
*** NO EQUIVALENT IN 5.R ***,DCL_TEXT_PLATELET_VOLUME_ALERT
*** NO EQUIVALENT IN 5.R ***,DCL_TEXT_PLATELET_VOLUME_ALERT_STAT
*** NO EQUIVALENT IN 5.R ***,DCL_TEXT_RBC_VOLUME_ALERT
*** NO EQUIVALENT IN 5.R ***,DCL_TEXT_RBC_VOLUME_ALERT_STAT
textButtonAlarmUnload,DCL_TEXT_ALARM_UNLOAD_BTN
textButtonAlarmAdjust,DCL_TEXT_ALARM_ADJUST_BTN
textButtonFlagPltConc,DCL_TEXT_PLATELET_CONCENTRATION_OUT_OF_RANGE_ALERT_STAT
TEXT_SERV_MAIN_BTN,DCL_TEXT_SERV_MAIN_BTN
textMiscServiceDontConnectDonor,DCL_TEXT_SERV_TITLE
textMiscServiceStarted,DCL_TEXT_SERV_CONNECTED
textAlarmBodyNoGraphicPowerFail,DCL_TEXT_POWERFAIL_ALERT
textStatAlarmPowerFailureAlert,DCL_TEXT_POWERFAIL_ALERT_STAT
textAlarmBodyNoGraphicLowPltConc,DCL_TEXT_LOW_PLATELET_CONCENTRATION_ALERT
textStatAlarmLowPltConc,DCL_TEXT_LOW_PLATELET_CONCENTRATION_ALERT_STAT
textStatRbcVolRange,DCL_TEXT_RBC_VOLUME_RANGE_ERROR
TEXT_CFG_LANG_DUTCH,DCL_TEXT_CFG_LANG_DUTCH
textMiscServiceMachineOnTime,DCL_TEXT_HOUR_METER_LABEL
textMiscServiceCentrifugeOnTime,DCL_TEXT_CENTRIFUGE_METER_LABEL
textMiscServiceNumberOfRuns,DCL_TEXT_NO_OF_RUNS_METER_LABEL
textEmptyFormatServiceIpAddressInit,DCL_TEXT_EMPTY
textEmptyFormatServiceSerialNumInit,DCL_TEXT_EMPTY
textEmptyFormatServiceHourMeter,DCL_TEXT_HOUR_METER
textEmptyFormatServiceCentrifugeMeter,DCL_TEXT_CENTRIFUGE_METER
textEmptyFormatServiceNumRunsMeter,DCL_TEXT_NO_OF_RUNS_METER
textEmptyFormatDonDlDonorNameInit,DCL_TEXT_BLANK
textEmptyFormatDonDlDobInit,DCL_TEXT_BLANK
textEmptyFormatDonDlGenderInit,DCL_TEXT_BLANK
textMiscDonDlDataGenderMale,DCL_TEXT_DONDL_DONOR_GENDER_MALE_INIT
textMiscDonDlDataGenderFemale,DCL_TEXT_DONDL_DONOR_GENDER_FEMALE_INIT
textEmptyFormatDonDlHeightInit,DCL_TEXT_BLANK
textEmptyFormatDonDlWeightInit,DCL_TEXT_BLANK
textEmptyFormatDonDlBloodTypeInit,DCL_TEXT_BLANK
textEmptyFormatDonDlHctInit,DCL_TEXT_BLANK
textMiscDonDlDataPltYield,DCL_TEXT_DONDL_DONOR_PLATELET_INIT
textDataLabelDonDlNameAndDob,DCL_TEXT_DONDL_NAME_DOB_LABEL
textDataLabelDonDlGender,DCL_TEXT_DONDL_GENDER_LABEL
textDataLabelDonDlHeight,DCL_TEXT_DONDL_HEIGHT_LABEL
textDataLabelDonDlWeight,DCL_TEXT_DONDL_WEIGHT_LABEL
textDataLabelDonDlTbv,DCL_TEXT_DONDL_TBV_LABEL
textDataLabelDonDlBloodType,DCL_TEXT_DONDL_BTYPE_LABEL
textDataLabelDonDlHct,DCL_TEXT_DONDL_HCT_LABEL
textDataLabelDonDlPltPrecount,DCL_TEXT_DONDL_PLATELET_LABEL
textButtonLongConfirmInfo,DCL_TEXT_DONDL_CONFIRM_INFO_BTN
textDataUnitsDonDlInches,DCL_TEXT_DONDL_HEIGHT_UNITS_IN
textDataUnitsDonDlFeet,DCL_TEXT_DONDL_HEIGHT_UNITS_FT
textDataUnitsDonDlCm,DCL_TEXT_DONDL_HEIGHT_UNITS_CM
textDataUnitsDonDlLbs,DCL_TEXT_DONDL_WEIGHT_UNITS_LBS
textDataUnitsDonDlKg,DCL_TEXT_DONDL_WEIGHT_UNITS_KG
textDataUnitsDonDlHct,DCL_TEXT_DONDL_HEMATOCRIT_UNITS
textDataUnitsDonDlPltPrecount,DCL_TEXT_DONDL_PLATELET_PRECOUNT_UNITS
textButtonLabelCfgLeftProcRbcRatio,DCL_TEXT_CFG_RBC_RATIO
textListboxItemCfgRbcRatio814,DCL_TEXT_CFG_RBC_RATIO_814
textListboxItemCfgRbcRatio11,DCL_TEXT_CFG_RBC_RATIO_11
textButtonCfgRepFluidRbc,DCL_TEXT_CFG_RBC_REPLACE_FLUID
textListboxItemCfgSalineYes,DCL_TEXT_CFG_RBC_REPLACE_FLUID_YES
textListboxItemCfgSalineNo,DCL_TEXT_CFG_RBC_REPLACE_FLUID_NO
textButtonLabelCfgTopRepFluidPercent,DCL_TEXT_CFG_RBC_REPLACE_FLUID_PERCENT
*** NO EQUIVALENT IN 5.R ***,DCL_TEXT_SYSD_DONINFO_AP2
*** NO EQUIVALENT IN 5.R ***,DCL_TEXT_PERFORMING_AP2_XMIT
textStatAwaitingAp2Xmit,DCL_TEXT_AWAITING_AP2_XMIT
textEmptyFormatCatButton,DCL_TEXT_BLANK
textMiscBarcodeMoreCategoriesElipses,DCL_TEXT_MORE_CATEGORIES
textMiscBarcodeVerticalSpacer,DCL_TEXT_CATEGORY_BTN_CRS
textEmptyFormatBarcodeScan,DCL_TEXT_BLANK
textStatBarcodeScanOverrun,DCL_TEXT_BARCODE_SCAN_OVERRUN
textStatBarcodeBadScan,DCL_TEXT_BARCODE_BAD_SCAN
textStatBarcodeSegDupe,DCL_TEXT_BARCODE_SEGMENT_DUPLICATE
textStatBarcode2ManyScans,DCL_TEXT_BARCODE_TOO_MANY_SCANS
textStatBarcodeDeletionDisallowed,DCL_TEXT_BARCODE_DELETION_DISALLOWED
textMiscBarcodeInputLabel,DCL_TEXT_BARCODE_INPUT_LABEL
textStatBarcodeMoveInput,DCL_TEXT_BARCODE_MOVE_INPUT_STAT
textStatBarcodeReview,DCL_TEXT_BARCODE_REVIEW_STAT
textButtonBarcodeInputClear,DCL_TEXT_BARCODE_INPUT_CLEAR
textButtonBarcodeCategoryClear,DCL_TEXT_BARCODE_CATEGORY_CLEAR
textButtonCategoryRankSwitch,DCL_TEXT_BARCODE_RANK_SWITCH
textButtonLabelCfgTopDonVolLimWeightSettingLb,DCL_TEXT_CFG_DONOR_WEIGHT_SETTING_LB
textButtonLabelCfgTopDonVolLimWeightSettingKg,DCL_TEXT_CFG_DONOR_WEIGHT_SETTING_KG
textButtonLabelCfgLeftMachTime,DCL_TEXT_TIME
textButtonLabelCfgLeftMachDate,DCL_TEXT_DATE
textButtonLabelCfgLeftDonMaxDrawFlow,DCL_TEXT_MAX_DRAW_FLOW
textButtonLabelCfgLeftDonPostCrit,DCL_TEXT_CFG_DONOR_POST_CRIT
textStatAlarmValveLedError,DCL_TEXT_VALVE_LED_ERROR_STAT
textMiscSplashProductDescription,DCL_TEXT_PWRUP_PROD_DESCRIPTION
textButtonLabelCfgLeftProcCustomRatio,DCL_TEXT_CFG_PROC_CUSTOM_RATIO
textButtonCfgBodyWeight,DCL_TEXT_CFG_BODY_WEIGHT
textCfgScreenLabelVolLim,DCL_TEXT_CFG_VOLUME_LIMITS
*** NO EQUIVALENT IN 5.R ***,DCL_TEXT_CFG_VOLUME_LIMITS_TITLE
textButtonCfgNonDisplayedNumber,DCL_TEXT_CFG_NON_DISPLAYED_NUMBER
textMiscCfgNoVolLimSelected,DCL_TEXT_CFG_NO_VOLUME_LIMIT_SELECTED
textButtonLabelCfgLeftRbcSplitAlert,DCL_TEXT_CFG_DRBC_ALERT
textButtonLabelCfgLeftDonInletMgmt,DCL_TEXT_CFG_INLET_MANAGEMENT
textButtonLabelCfgLeftDonReturnMgmt,DCL_TEXT_CFG_RETURN_MANAGEMENT
textButtonLabelCfgLeftDonInletFlowRamp,DCL_TEXT_CFG_INLET_FLOW_RAMP
textCfgColLabelCfgDonVolMode,DCL_TEXT_CFG_VOLUME_MODE
textMiscRunProcDate,DCL_TEXT_RUNPROC_DATE
textAlarmBodyNoGraphicTooManyDrawAlerts,DCL_TEXT_TOO_MANY_DRAW_ALERTS
textStatAlarmTooManyDrawAlerts,DCL_TEXT_TOO_MANY_DRAW_ALERTS_STAT
textAlarmBodyNoGraphicTooManyReturnAlerts,DCL_TEXT_TOO_MANY_RETURN_ALERTS
textStatAlarmTooManyReturnAlerts,DCL_TEXT_TOO_MANY_RETURN_ALERTS_STAT
textButtonLabelCfgLeftRbcYsf,DCL_TEXT_CFG_RBC_YIELD_SCALING_FACTOR
textEmptyFormatCfgRbcVolData,DCL_TEXT_CFG_RBC_VOLUME_DATA
*** NO EQUIVALENT IN 5.R ***,DCL_TEXT_CFG_RBC_YSF_DATA
TEXT_RS2LAB_LEUKOREDUCED,DCL_TEXT_RS2LAB_LEUKOREDUCED
*** NO EQUIVALENT IN 5.R ***,DCL_TEXT_RS2LAB_PLATELET_PRODUCT
*** NO EQUIVALENT IN 5.R ***,DCL_TEXT_RS2LAB_PLASMA_PRODUCT
textButtonFlagPltWbcs,DCL_TEXT_COUNT_PLATELET_PRODUCT_STAT
textButtonFlagPlasWbcs,DCL_TEXT_COUNT_PLASMA_PRODUCT_STAT
textButtonFlagPltYieldVol,DCL_TEXT_VERIFY_PLATELET_YIELD_AND_VOLUME_STAT
textButtonFlagPlasVol,DCL_TEXT_VERIFY_PLASMA_VOLUME_STAT
textButtonFlagRbcHctVol,DCL_TEXT_VERIFY_RBC_PRODUCT_STAT
textProdVerifReasonRbcSpillover,DCL_TEXT_REASON_RBC_SPILLOVER
textProdVerifReasonCentrifugeStopped,DCL_TEXT_REASON_CENTRIFUGE_STOPPED
textProdVerifReasonRbcDetectorError,DCL_TEXT_REASON_RBC_DETECTOR_ERROR
textProdVerifReasonHighPltConc,DCL_TEXT_REASON_HIGH_PLATELET_CONCENTRATION
textProdVerifReasonHighDeltaHct,DCL_TEXT_REASON_HIGH_DELTA_HCT
textProdVerifReasonAirBlockRecovery,DCL_TEXT_REASON_AIR_BLOCK_RECOVERY
textProdVerifReasonHctHigh,DCL_TEXT_REASON_HIGH_HCT
textProdVerifReasonLargeVolProcessed,DCL_TEXT_REASON_LARGE_VOLUME_PROCESSED
textProdVerifReasonPltContamDetected,DCL_TEXT_REASON_PLATELET_CONTAMINANT_DETECTION
textProdVerifReasonRunEndedEarly,DCL_TEXT_REASON_RUN_ENDED_EARLY
textProdVerifReasonLowPltConc,DCL_TEXT_REASON_LOW_CONCENTRATION
textProdVerifReasonTargetVolumesNotAchieved,DCL_TEXT_REASON_LATE_ADJUSTMENTS
textProdVerifReasonPltConcUnder1000,DCL_TEXT_REASON_PLATELET_CONCENTRATION_LT
textProdVerifReasonPltConcOver2100,DCL_TEXT_REASON_PLATELET_CONCENTRATION_GT
textMiscRunsumProdMoreInfo,DCL_TEXT_TOUCH_FOR_MORE_INFO
textProdVerifReasonHeaderPltWbcs,DCL_TEXT_COUNT_PLATELET_PRODUCT_HEADER
textProdVerifReasonHeaderPlasWbcs,DCL_TEXT_COUNT_PLASMA_PRODUCT_HEADER
textProdVerifReasonHeaderPltYieldVol,DCL_TEXT_VERIFY_PLATELET_YIELD_AND_VOLUME_HEADER
textProdVerifReasonHeaderPlasVol,DCL_TEXT_VERIFY_PLASMA_VOLUME_HEADER
textProdVerifReasonHeaderRbcProduct,DCL_TEXT_VERIFY_RBC_PRODUCT_HEADER
textProdVerifReasonHeaderPltConc,DCL_TEXT_VERIFY_PLATELET_CONCENTRATION_HEADER
textListboxItemCfgBloodTypeOpOnAn,DCL_TEXT_CFG_BLOOD_TYPE_OP_ON_AN
textListboxItemCfgBloodTypeOpOnBpBn,DCL_TEXT_CFG_BLOOD_TYPE_OP_ON_BP_BN
textListboxItemCfgBloodTypeOpOnApAnBpBn,DCL_TEXT_CFG_BLOOD_TYPE_OP_ON_AP_AN_BP_BN
textListboxItemCfgBloodTypeOpOnApAnBn,DCL_TEXT_CFG_BLOOD_TYPE_OP_ON_AP_AN_BN
textListboxItemCfgBloodTypeApAnBpBnAbpAbn,DCL_TEXT_CFG_BLOOD_TYPE_AP_AN_BP_BN_ABP_ABN
textListboxItemCfgBloodTypeAbpAbn,DCL_TEXT_CFG_BLOOD_TYPE_ABP_ABN
*** NO EQUIVALENT IN 5.R ***,DCL_TEXT_RESERVOIR_DRAW_ALERT_RBC_PL
textStatDrbcSplitAlert,DCL_TEXT_DRBC_SPLIT_ALERT_STAT
textStatValueOutOfRange,DCL_TEXT_VALUE_OUT_OF_RANGE
textStatAdjustingPltConc,DCL_TEXT_ADJUSTING_PLATELET_CONCENTRATION
*** NO EQUIVALENT IN 5.R ***,DCL_TEXT_CFG_PROC_RINSE_PROTOCOL
*** NO EQUIVALENT IN 5.R ***,DCL_TEXT_CFG_PROC_RINSE_PLASMA
*** NO EQUIVALENT IN 5.R ***,DCL_TEXT_CFG_PROC_RINSE_NORMAL
textListboxItemCfgPlsProc1,DCL_TEXT_CFG_PLS_1
textListboxItemCfgPlsProc2,DCL_TEXT_CFG_PLS_2
textListboxItemCfgPlsProc3,DCL_TEXT_CFG_PLS_3
textListboxItemCfgPlsProc4,DCL_TEXT_CFG_PLS_4
textListboxItemCfgPlsProc5,DCL_TEXT_CFG_PLS_5
textListboxItemCfgPlsProc6,DCL_TEXT_CFG_PLS_6
*** NO EQUIVALENT IN 5.R ***,DCL_TEXT_CFG_PLS_MIN
*** NO EQUIVALENT IN 5.R ***,DCL_TEXT_CFG_PLS_MAX
textMiscCfrOpIdLabel,DCL_TEXT_CFR_OP_ID_LABEL
textEmptyFormatCfrOpId,DCL_TEXT_BLANK
textButtonCfrSelected,DCL_TEXT_CFR_SELECTED_BTN
textEmptyFormatCfrList1Button,DCL_TEXT_BLANK
textEmptyFormatCfrList2Button,DCL_TEXT_BLANK
textEmptyFormatCfrList3Button,DCL_TEXT_BLANK
textEmptyFormatCfrList4Button,DCL_TEXT_BLANK
textButtonLongCfrEnterLater,DCL_TEXT_CFR_CONTINUE_BTN
textEmptyFormatCfrTimeOfDay,DCL_TEXT_BLANK
textDataUnitsCfrAm,DCL_TEXT_CFR_TIME_UNITS_AM
textDataUnitsCfrPm,DCL_TEXT_CFR_TIME_UNITS_PM
textDataUnitsCfrAt,DCL_TEXT_CFR_TIME_UNITS_AT
textMiscCfrTimeDelim,DCL_TEXT_CFR_TIME_UNITS_DELIMITER
textMiscCfrCommaDelim,DCL_TEXT_CFR_COMMA_DELIMITER
textMiscCfrActionDrawUp,DCL_TEXT_CFR_DRAW_FLOW_UP
textMiscCfrActionDrawDown,DCL_TEXT_CFR_DRAW_FLOW_DOWN
textMiscCfrActionReturnUp,DCL_TEXT_CFR_RETURN_FLOW_UP
textMiscCfrActionReturnDown,DCL_TEXT_CFR_RETURN_FLOW_DOWN
textMiscCfrActionAcReactionUp,DCL_TEXT_CFR_AC_REACTION_UP
textMiscCfrActionAcReactionDown,DCL_TEXT_CFR_AC_REACTION_DOWN
textMiscCfrActionClumpingUp,DCL_TEXT_CFR_CLUMPING_UP
textMiscCfrActionClumpingDown,DCL_TEXT_CFR_CLUMPING_DOWN
textMiscCfrDonInfoHeight,DCL_TEXT_CFR_HEIGHT
textMiscCfrDonInfoWeight,DCL_TEXT_CFR_WEIGHT
textDataUnitsCfrFeet,DCL_TEXT_CFR_HEIGHT_UNITS_FT
textDataUnitsCfrInches,DCL_TEXT_CFR_HEIGHT_UNITS_IN
textDataUnitsCfrCm,DCL_TEXT_CFR_HEIGHT_UNITS_CM
textDataUnitsCfrLbs,DCL_TEXT_CFR_WEIGHT_UNITS_LBS
textDataUnitsCfrKg,DCL_TEXT_CFR_WEIGHT_UNITS_KG
textDataCfrBloodType,DCL_TEXT_CFR_BLOOD_TYPE
textMiscCfrDonInfoCrit,DCL_TEXT_CFR_HEMATOCRIT
textMiscCfrDonInfoPltPrecount,DCL_TEXT_CFR_PLATELET_COUNT
textDataUnitsCrit,DCL_TEXT_CFR_HEMATOCRIT_UNITS
textDataUnitsCfrPltPrecount,DCL_TEXT_CFR_PLATELET_COUNT_UNITS
textMiscCfrDonInfoGender,DCL_TEXT_CFR_GENDER
textDataCfrGenderMale,DCL_TEXT_CFR_GENDER_MALE
textDataCfrGenderFemale,DCL_TEXT_CFR_GENDER_FEMALE
textButtonLabelCfgLeftProcAuditTracking,DCL_TEXT_CFG_PROC_AUDIT_TRACKING
textListboxItemCfgAuditOff,DCL_TEXT_CFG_PROC_AUDIT_OFF
textListboxItemCfgAuditLevel1,DCL_TEXT_CFG_PROC_AUDIT_LEVEL_1
textListboxItemCfgAuditLevel2,DCL_TEXT_CFG_PROC_AUDIT_LEVEL_2
textListboxItemCfgAuditLevel3,DCL_TEXT_CFG_PROC_AUDIT_LEVEL_3
textButtonLabelCfgTopDonVolLimWeight1SettingLb,DCL_TEXT_CFG_DONOR_VOL_WEIGHT_1_SETTING_LB
textButtonLabelCfgTopDonVolLimWeight1SettingKg,DCL_TEXT_CFG_DONOR_VOL_WEIGHT_1_SETTING_KG
textButtonLabelCfgTopDonVolLimWeight2SettingLb,DCL_TEXT_CFG_DONOR_VOL_WEIGHT_2_SETTING_LB
textButtonLabelCfgTopDonVolLimWeight2SettingKg,DCL_TEXT_CFG_DONOR_VOL_WEIGHT_2_SETTING_KG
textButtonLabelCfgTopDonVolLimWeight3SettingLb,DCL_TEXT_CFG_DONOR_VOL_WEIGHT_3_SETTING_LB
textButtonLabelCfgTopDonVolLimWeight3SettingKg,DCL_TEXT_CFG_DONOR_VOL_WEIGHT_3_SETTING_KG
textButtonLabelCfgTopDonVolLimWeightUnitsLb,DCL_TEXT_CFG_DONOR_VOL_WEIGHT_UNITS_LB
textButtonLabelCfgTopDonVolLimWeightUnitsKg,DCL_TEXT_CFG_DONOR_VOL_WEIGHT_UNITS_KG
textAlarmBodyNoGraphicApsSensorFailure,DCL_TEXT_APS_SENSOR_FAILURE
textStatAlarmApsSensorFailure,DCL_TEXT_APS_SENSOR_FAILURE_STAT
textAlarmBodyNoGraphicApsDecoupling,DCL_TEXT_APS_DECOUPLING_ALARM
textStatAlarmApsDecoupling,DCL_TEXT_APS_DECOUPLING_ALARM_STAT
textAlarmBodyNoGraphicAcPrimeInletOcclusion,DCL_TEXT_AC_PRIME_INLET_ALARM
textStatAlarmPrimeInletOcclusion,DCL_TEXT_AC_PRIME_INLET_ALARM_STAT
textStatRecoveryProcedure,DCL_TEXT_RECOVERY_PROCEDURE_STAT
textStatLrsPurge,DCL_TEXT_LRS_PURGE_STAT
*** NO EQUIVALENT IN 5.R ***,DCL_TEXT_RUN_SUMMARY_BTN
textDataLabelRs1AvgInletFlow,DCL_TEXT_RS1LAB_AVERAGE_INLET_FLOW
textEmptyFormatRs1DatAvgInletFlow,DCL_TEXT_EMPTY
textButtonLongResetMachine,DCL_TEXT_RS2_RESET_MACHINE_BTN
textBlank,DCL_TEXT_BLANK
textEmptyFormatAlarmNameLiteral,DCL_TEXT_BLANK
textEmptyFormatScreenNameLiteral,DCL_TEXT_BLANK
textStatAuthEvents,DCL_TEXT_STAT_AUTHORIZE_EVENTS
textStatMissingBadgeBoop,DCL_TEXT_STAT_MISSING_BADGE_BOOP
textStatNoItemSelected,DCL_TEXT_STAT_NO_ITEM_SELECTED
textStatIdVerified,DCL_TEXT_STAT_ID_VERIFIED
textStatIdNotVerified,DCL_TEXT_STAT_ID_NOT_VERIFIED
textButtonCfrClear,DCL_TEXT_CFR_CLEAR_BTN
textStatWaitingForVista,DCL_TEXT_STAT_WAITING_FOR_VISTA
textStatEnterPin,DCL_TEXT_STAT_ENTER_PIN
textMiscCfrActionNewProcedureSelected,DCL_TEXT_CFR_NEW_PROCEDURE_SELECT
textButtonCfgPrioExtraPltX10,DCL_TEXT_UNITS_10_to_11th
textButtonCfgPrioExtraPltExponent,DCL_TEXT_UNITS_11TH_POWER
textEmptyFormatPlasListboxVolInit,DCL_TEXT_EMPTY
textButtonCfgPrioExtraPlasUnits,DCL_TEXT_UNITS_ML
textEmptyFormatRbcListboxDoseInit,DCL_TEXT_EMPTY
textButtonCfgPrioExtraDoseUnits,DCL_TEXT_UNITS_ML
textAlarmBodyWithGraphicPressurizeInletFailure01,DCL_TEXT_FAILURE_TO_PRESSURIZE_INLET_01
textAlarmBodyWithGraphicPressurizeInletFailure00,DCL_TEXT_FAILURE_TO_PRESSURIZE_INLET
textAlarmBodyWithGraphicBagEvac,DCL_TEXT_BAG_EVACUATION_ALERT
textAlarmBodyWithGraphicPressurizeInletFailure01Ais,DCL_TEXT_FAILURE_TO_PRESSURIZE_INLET_01_AIS
textAlarmBodyWithGraphicDrbcSplit,DCL_TEXT_DRBC_SPLIT_ALERT
*** NO EQUIVALENT IN 5.R ***,DCL_TEXT_CENTRIFUGE_PRESSURE_TOO_HIGH
*** NO EQUIVALENT IN 5.R ***,DCL_TEXT_RESERVOIR_RETURN_ALERT
*** NO EQUIVALENT IN 5.R ***,DCL_TEXT_RESERVOIR_DRAW_ALERT
*** NO EQUIVALENT IN 5.R ***,DCL_TEXT_DRAW_CYCLE_TOO_SHORT_ALERT
*** NO EQUIVALENT IN 5.R ***,DCL_TEXT_RETURN_CYCLE_TOO_SHORT
textStatAlarmDonorAir,DCL_TEXT_DONOR_AIR_ALARM_STAT
textProdVerifLeukMsgPlasLeukoreduced,DCL_TEXT_PLASMA_PRODUCT_ALERT
textProdVerifLeukMsgPltLeukoreduced,DCL_TEXT_LRS_PRODUCT_ALERT
textStatAlarmAcPumpHallTooBig,DCL_TEXT_AC_PUMP_HALL_TOO_BIG_STAT
textStatAlarmAcPumpHallTooSmall,DCL_TEXT_AC_PUMP_HALL_TOO_SMALL_STAT
textStatAlarmInletHallHigh,DCL_TEXT_INLET_PUMP_HALL_TOO_BIG_STAT
textStatAlarmInletHallLow,DCL_TEXT_INLET_PUMP_HALL_TOO_SMALL_STAT
textStatAlarmPltHallHigh,DCL_TEXT_PLATELET_PUMP_HALL_TOO_BIG_STAT
textStatAlarmPltHallLow,DCL_TEXT_PLATELET_PUMP_HALL_TOO_SMALL_STAT
textStatAlarmPlasmaHallHigh,DCL_TEXT_PLASMA_PUMP_HALL_TOO_BIG_STAT
textStatAlarmPlasmaHallLow,DCL_TEXT_PLASMA_PUMP_HALL_TOO_SMALL_STAT
textStatAlarmReturnHallHigh,DCL_TEXT_RETURN_PUMP_HALL_TOO_BIG_STAT
textStatAlarmReturnHallLow,DCL_TEXT_RETURN_PUMP_HALL_TOO_SMALL_STAT
textAlarmBodyWithGraphicCassetteFailure00,DCL_TEXT_CASSETTE_FAILURE
textEmptyFormatRs2DatPasVol,DCL_TEXT_EMPTY
textDataUnitsRs2PasVol,DCL_TEXT_UNITS_ML
textMiscInstructionAasRemoveTubingSet,DCL_TEXT_REMOVE_TUBINGSET
textMiscSplashCopyright,DCL_TEXT_PWRUP_COPYRIGHT
textListboxItemCfgTimeFmt24,DCL_TEXT_CFG_TIME_FORMAT_24
textListboxItemCfgTimeFmt12,DCL_TEXT_CFG_TIME_FORMAT_12
textMiscInstructionDispCloseClamps,DCL_TEXT_DISP_CLOSE_CLAMP
textCfgColLabelCfgPltFinalConc,DCL_TEXT_CFG_CONC
textMiscInstructionDonConnCloseConnect,DCL_TEXT_DONCONN_CONNECT
textDataUnitsRs1X1000,DCL_TEXT_UNITS_X1000PUL
textDataUnitsRs1SalineUsed,DCL_TEXT_UNITS_ML
textButtonLabelCfgTopRepFluidTotCollThreshold,DCL_TEXT_TOTAL_COLL_THRESHHOLD
textDataUnitsRs1AcUsed,DCL_TEXT_UNITS_ML
*** NO EQUIVALENT IN 5.R ***,DCL_TEXT_UNITS_ML
textDataUnitsRs1AcToDonor,DCL_TEXT_UNITS_ML
*** NO EQUIVALENT IN 5.R ***,DCL_TEXT_UNITS_ML
textDataUnitsRs1VolMl,DCL_TEXT_UNITS_ML
textDataUnitsRs2PltVol,DCL_TEXT_UNITS_ML
textDataUnitsRs2PltAc,DCL_TEXT_UNITS_ML
textDataUnitsRs2PlasVol,DCL_TEXT_UNITS_ML
textDataUnitsRs2PlasAc,DCL_TEXT_UNITS_ML
textDataUnitsRs2RbcVol,DCL_TEXT_UNITS_ML
textDataUnitsRs2RbcAc,DCL_TEXT_UNITS_ML
textMiscUnitsDonorVitalsTbv,DCL_TEXT_UNITS_SPACE_ML
textMiscInitDonorVitalsTbv,DCL_TEXT_UNITS_ZERO_ML
textDataUnitsRunProcEstPlas,DCL_TEXT_UNITS_SPACE_ML
textDataUnitsRunProcEstRbc,DCL_TEXT_UNITS_SPACE_ML
textDataUnitsRunProcCurrentPlas,DCL_TEXT_UNITS_SPACE_ML
textDataUnitsRunProcCurrentRbc,DCL_TEXT_UNITS_SPACE_ML
textDataInitRunProcEstPlas,DCL_TEXT_UNITS_ZERO_ML
textDataInitRunProcEstRbc,DCL_TEXT_UNITS_ZERO_ML
textDataInitRunProcCurrentPlas,DCL_TEXT_UNITS_ZERO_ML
textDataInitRunProcCurrentRbc,DCL_TEXT_UNITS_ZERO_ML
textCfgColLabelCfgRbcVol,DCL_TEXT_CFG_RBC_RBC_VOLUME
textCfgColLabelCfgPltVol,DCL_TEXT_CFG_PLATE_VOL
textAlarmBodyNoGraphicMaintainDonorAccess,DCL_TEXT_MAINTAIN_DONOR_ACCESS_ALERT
textDataInitDonDlTbv,DCL_TEXT_UNITS_ZERO_ML
textDataUnitsDonDlTbv,DCL_TEXT_UNITS_SPACE_ML
textButtonLabelCfgTopDonVolLimMlPerKg,DCL_TEXT_CFG_DONOR_ML_PER_KG
textButtonLabelCfgLeftPlsVol1,DCL_TEXT_CFG_PLS_VOLUME_1
textButtonLabelCfgLeftPlsVol2,DCL_TEXT_CFG_PLS_VOLUME_2
textButtonLabelCfgLeftPlsVol3,DCL_TEXT_CFG_PLS_VOLUME_3
textButtonLabelCfgLeftPlsVol4,DCL_TEXT_CFG_PLS_VOLUME_4
textButtonLabelCfgLeftPlsVol5,DCL_TEXT_CFG_PLS_VOLUME_5
textButtonLabelCfgLeftPlsVol6,DCL_TEXT_CFG_PLS_VOLUME_6
textButtonLabelCfgLeftPlsAmapMin,DCL_TEXT_CFG_PLS_AMAP_MIN
textButtonLabelCfgLeftPlsAmapMax,DCL_TEXT_CFG_PLS_AMAP_MAX
textButtonLabelCfgTopDonVolLimLessThanVol,DCL_TEXT_CFG_DONOR_LESS_THAN_VOL
textButtonLabelCfgTopDonVolLimGreaterThanVol,DCL_TEXT_CFG_DONOR_GREATER_THAN_VOL
textButtonLabelCfgTopDonVolLimWeight1LessThanVol,DCL_TEXT_CFG_DONOR_VOL_WEIGHT_1_LESS_THAN_VOL
textButtonLabelCfgTopDonVolLimWeight1LessThanVolLb,DCL_TEXT_CFG_DONOR_VOL_WEIGHT_1_LESS_THAN_VOL_LB
textButtonLabelCfgTopDonVolLimWeight1LessThanVolKg,DCL_TEXT_CFG_DONOR_VOL_WEIGHT_1_LESS_THAN_VOL_KG
textButtonLabelCfgTopDonVolLimWeight2LessThanVol,DCL_TEXT_CFG_DONOR_VOL_WEIGHT_2_LESS_THAN_VOL
textButtonLabelCfgTopDonVolLimWeight2LessThanVolLb,DCL_TEXT_CFG_DONOR_VOL_WEIGHT_2_LESS_THAN_VOL_LB
textButtonLabelCfgTopDonVolLimWeight2LessThanVolKg,DCL_TEXT_CFG_DONOR_VOL_WEIGHT_2_LESS_THAN_VOL_KG
TEXT_CFG_DONOR_VOL_WEIGHT_3_LESS_THAN_VOL,DCL_TEXT_CFG_DONOR_VOL_WEIGHT_3_LESS_THAN_VOL
textButtonLabelCfgTopDonVolLimWeight3LessThanVolLb,DCL_TEXT_CFG_DONOR_VOL_WEIGHT_3_LESS_THAN_VOL_LB
textButtonLabelCfgTopDonVolLimWeight3LessThanVolKg,DCL_TEXT_CFG_DONOR_VOL_WEIGHT_3_LESS_THAN_VOL_KG
TEXT_CFG_DONOR_VOL_WEIGHT_3_GREATER_THAN_VOL,DCL_TEXT_CFG_DONOR_VOL_WEIGHT_3_GREATER_THAN_VOL
textButtonLabelCfgTopDonVolLimWeight3GreaterThanVolLb,DCL_TEXT_CFG_DONOR_VOL_WEIGHT_3_GREATER_THAN_VOL_LB
textButtonLabelCfgTopDonVolLimWeight3GreaterThanVolKg,DCL_TEXT_CFG_DONOR_VOL_WEIGHT_3_GREATER_THAN_VOL_KG
textDataUnitsRs1AvgInletFlow,DCL_TEXT_RS1UNIT_AVERAGE_INLET_FLOW
textDataLabelRs2PltVol,DCL_TEXT_RS2LAB_TOTAL_PRODUCT_VOLUME
textDataLabelRs2PlasVol,DCL_TEXT_RS2LAB_TOTAL_PRODUCT_VOLUME
textDataLabelRs2RbcVol,DCL_TEXT_RS2LAB_TOTAL_PRODUCT_VOLUME
textCfgColLabelCfgPltYield,DCL_TEXT_CFG_PLATE_YIELD
textDataUnitsPredPltVol,DCL_TEXT_UNITS_SPACE_ML
textDataUnitsPredPlasVol,DCL_TEXT_UNITS_SPACE_ML
textDataUnitsPredRbc,DCL_TEXT_UNITS_SPACE_ML
*** NO EQUIVALENT IN 5.R ***,DCL_TEXT_UNITS_ZERO_ML
*** NO EQUIVALENT IN 5.R ***,DCL_TEXT_UNITS_ZERO_ML
textAlarmBodyWithGraphicPressurizeInletFailure04,DCL_TEXT_FAILURE_TO_PRESSURIZE_INLET_04
textAlarmBodyWithGraphicAccessPumpsSlowed,DCL_TEXT_ACCESS_PRESSURE_PUMPS_SLOWED
textAlarmBodyWithGraphicSalineBolus,DCL_TEXT_RBC_REP_FLUID_BOLUS_PROMPT
textAlarmBodyWithGraphicSaline,DCL_TEXT_RBC_REP_FLUID_PROCEDURE_PROMPT
textAlarmBodyWithGraphicCassetteMovementFailure,DCL_TEXT_FAILURE_TO_MOVE_CASSETTE
textAlarmBodyWithGraphicPlasmaValveFailure,DCL_TEXT_PLASMA_VALVE_FAILURE
textAlarmBodyWithGraphic1MinPause,DCL_TEXT_ONE_MINUTE_PAUSE_ALERT
textAlarmBodyWithGraphicStopButtonAlert,DCL_TEXT_STOP_BUTTON_ALERT
textAlarmBodyNoGraphicMotorHwFailure,DCL_TEXT_MOTOR_HARDWARE_FAILURE
textAlarmBodyWithGraphicRbcValve,DCL_TEXT_RBC_VALVE_FAILURE
textAlarmBodyWithGraphicDoorLock,DCL_TEXT_DOOR_LOCK_ALERT
textAlarmBodyWithGraphicDisconnectTestFail00,DCL_TEXT_DISCONNECT_TEST_FAILURE
textAlarmBodyWithGraphicDisconnectTestFailAas,DCL_TEXT_DISCONNECT_TEST_MSS_FAILURE
textAlarmBodyWithGraphicDisconnectTest00,DCL_TEXT_DISCONNECT_TEST_ALERT
textAlarmBodyWithGraphicDisconnectTestAas,DCL_TEXT_DISCONNECT_TEST_MSS_ALERT
textAlarmBodyNoGraphicValveHwFailure,DCL_TEXT_VALVE_HARDWARE_FAILURE
textAlarmBodyNoGraphicLeakTestFailure,DCL_TEXT_LEAK_TEST_FAILURE
textAlarmBodyNoGraphicProcedureModified,DCL_TEXT_PROCEDURE_MODIFIED
textAlarmBodyNoGraphicPowerTestFailure,DCL_TEXT_POWER_TEST_FAILURE
textAlarmBodyWithGraphic10MinPause,DCL_TEXT_TEN_MINUTE_PAUSE_ALERT
textAlarmBodyWithGraphicCollectValveFailure,DCL_TEXT_COLLECT_VALVE_FAILURE
textAlarmBodyWithGraphicValveTestFailure,DCL_TEXT_VALVE_TEST_FAILURE
textAlarmBodyWithGraphicAcOcclusion,DCL_TEXT_AC_OCCLUSION_DETECTED
textAlarmBodyWithGraphicDoorOpen,DCL_TEXT_DOOR_OPEN_ALERT
textAlarmBodyWithGraphicDoorLatch,DCL_TEXT_DOOR_LATCH_FAILURE
textAlarmBodyNoGraphicPumpRpmCommand,DCL_TEXT_PUMP_RPM_COMMAND_FAILURE
textAlarmBodyNoGraphicPumpOverspeedCommand,DCL_TEXT_PUMP_OVERSPEED_COMMAND_FAILURE
textAlarmBodyWithGraphicValveMovementFailure,DCL_TEXT_FAILURE_TO_MOVE_VALVE
textAlarmBodyWithGraphicFailureToRelievePressure,DCL_TEXT_FAILURE_TO_RELIEVE_PRESSURE
textAlarmBodyWithGraphicPauseButton,DCL_TEXT_PAUSE_BUTTON_ALERT
textAlarmBodyNoGraphicApsHigh04,DCL_TEXT_ACCESS_PRESSURE_TOO_HIGH_04
textAlarmBodyNoGraphicApsLow05,DCL_TEXT_ACCESS_PRESSURE_TOO_LOW_05
textAlarmBodyWithGraphicDrawCycleShort02,DCL_TEXT_DRAW_CYCLE_TOO_SHORT_ALERT_02
textAlarmBodyWithGraphicResDrawAlert01,DCL_TEXT_RESERVOIR_DRAW_ALERT_01
textAlarmBodyNoGraphicFirstCycleLate,DCL_TEXT_FIRST_CYCLE_SEEN_TO_LATE_ALERT
textAlarmBodyWithGraphicResDrawAlertRbcPl01,DCL_TEXT_RESERVOIR_DRAW_ALERT_RBC_PL_01
textAlarmBodyWithGraphicCpsHigh01,DCL_TEXT_CENTRIFUGE_PRESSURE_TOO_HIGH_01
textAlarmBodyWithGraphicCpsHigh03,DCL_TEXT_CENTRIFUGE_PRESSURE_TOO_HIGH_03
textAlarmBodyWithGraphicPressurizeInletFailure00Ais,DCL_TEXT_FAILURE_TO_PRESSURIZE_INLET_AIS
textAlarmBodyWithGraphicLeakDetected,DCL_TEXT_LEAK_DETECTED
*** NO EQUIVALENT IN 5.R ***,DCL_TEXT_ABORT_CANCEL_MSG
textMiscPredRbcLabel,DCL_TEXT_PRED_RBCS_LABEL
textMiscRunProcProductLabelRbc,DCL_TEXT_RUN_RBCS_LABEL
textAlarmBodyNoGraphicInletHallLow,DCL_TEXT_INLET_PUMP_HALL_TOO_SMALL
textAlarmBodyNoGraphicInletHallHigh,DCL_TEXT_INLET_PUMP_HALL_TOO_BIG
textAlarmBodyNoGraphicReturnHallLow,DCL_TEXT_RETURN_PUMP_HALL_TOO_SMALL
textAlarmBodyNoGraphicAcHallLow,DCL_TEXT_AC_PUMP_HALL_TOO_SMALL
textAlarmBodyNoGraphicAcHallHigh,DCL_TEXT_AC_PUMP_HALL_TOO_BIG
textAlarmBodyNoGraphicPlasmaHallLow,DCL_TEXT_PLASMA_PUMP_HALL_TOO_SMALL
textAlarmBodyNoGraphicPlasmaHallHigh,DCL_TEXT_PLASMA_PUMP_HALL_TOO_BIG
textAlarmBodyNoGraphicPltHallLow,DCL_TEXT_PLATELET_PUMP_HALL_TOO_SMALL
textStatAlarmBagEvac,DCL_TEXT_BAG_EVACUATION_ALERT_STATUS_LINE
textStatEvac,DCL_TEXT_EVACUATING_STATUS_LINE
textEmptyFormatSetListboxInit,DCL_TEXT_EMPTY
textListboxItemCancel,DCL_TEXT_RBC_REP_FLUID_CANCEL
textButtonConfirmBoxCancel,DCL_TEXT_RBC_REP_FLUID_CANCEL
textButtonConfirmBoxConfirm,DCL_TEXT_CONFIRM
textStatSetIdChosenProcBad,DCL_TEXT_SET_ID_CHOSEN_PROC_BAD
textButtonCfgLongMachRemoveCassette,DCL_TEXT_CFG_MACH_REMOVE_CASSETTE
textListboxItemRemoveAll,DCL_TEXT_CFG_MACH_REMOVE_ALL
textConfirmBodyCfgMachRefDeleteOne,DCL_TEXT_CFG_MACH_CONFIRM_DELETE_ONE
textConfirmBodyCfgMachRefDeleteAll,DCL_TEXT_CFG_MACH_CONFIRM_DELETE_ALL
textMiscCfgMachBarcode,DCL_TEXT_CFG_MACH_BARCODE
*** NO EQUIVALENT IN 5.R ***,The automated additive solution process was aborted.
*** NO EQUIVALENT IN 5.R ***,DCL_TEXT_EMPTY
*** NO EQUIVALENT IN 5.R ***,mL of platelet additive solution must be delivered offline.
*** NO EQUIVALENT IN 5.R ***,DCL_TEXT_REFER_2_OPS
textStatPasAborted,automated additive solutions aborted
textEmptyFormatSetIdRef,DCL_TEXT_EMPTY
textButtonAlarmUnloadSet,DCL_TEXT_SET_ID_LOAD_NEW_SET_BTN
textAlarmBodyNoGraphicRefMismatch,DCL_TEXT_REF_NUM_NOT_MATCH_STAMP
textStatAlarmRefStampMismatch,DCL_TEXT_REF_NUM_NOT_MATCH_STAMP_STAT
textProdVerifLeukMsgPltNotLeukoreduced,DCL_TEXT_PLT_DONT_LABEL
textProdVerifLeukMsgPlasNotLeukoreduced,DCL_TEXT_PLASMA_DONT_LABEL
textStatMaxEntriesExceeded,DCL_TEXT_MAX_ENTRIES_EXCEEDED
textButtonBarcodeAc,*** NO EQUIVALENT IN 5.2 ***
textButtonBarcodeNacl,*** NO EQUIVALENT IN 5.2 ***
textMiscSalineConnBagLabel,*** NO EQUIVALENT IN 5.2 ***
textStatReducedDrawInProgress,*** NO EQUIVALENT IN 5.2 ***
textMiscPowerdownMsg,*** NO EQUIVALENT IN 5.2 ***
textMiscPowerdownWatchdogFailure,*** NO EQUIVALENT IN 5.2 ***
textDataLabelPasOffline,*** NO EQUIVALENT IN 5.2 ***
textEmptyFormatOfflinePasData,*** NO EQUIVALENT IN 5.2 ***
textDataUnitsPasOffline,*** NO EQUIVALENT IN 5.2 ***
textDataLabelRasOffline,*** NO EQUIVALENT IN 5.2 ***
textDataLabelRas1Offline,*** NO EQUIVALENT IN 5.2 ***
textEmptyFormatOfflineRas1Data,*** NO EQUIVALENT IN 5.2 ***
textDataUnitsRas1Offline,*** NO EQUIVALENT IN 5.2 ***
textDataLabelRas2Offline,*** NO EQUIVALENT IN 5.2 ***
textEmptyFormatOfflineRas2Data,*** NO EQUIVALENT IN 5.2 ***
textDataUnitsRas2Offline,*** NO EQUIVALENT IN 5.2 ***
textMiscOfflineInstructionsDrbcAbove,*** NO EQUIVALENT IN 5.2 ***
textMiscOfflineInstructionsDrbcBelow,*** NO EQUIVALENT IN 5.2 ***
textMiscOfflineInstructionsDrbcAbovePas,*** NO EQUIVALENT IN 5.2 ***
textMiscOfflineInstructionsSrbcAbovePas,*** NO EQUIVALENT IN 5.2 ***
textMiscOfflineInstructionsSrbcAbove,*** NO EQUIVALENT IN 5.2 ***
textMiscOfflineInstructionsSrbcBelow,*** NO EQUIVALENT IN 5.2 ***
textMiscOfflineInstructionsNoSealInstructions,*** NO EQUIVALENT IN 5.2 ***
textDataLabelAasRunsumm,*** NO EQUIVALENT IN 5.2 ***
textEmptyFormatButtonCfgLang,*** NO EQUIVALENT IN 5.2 ***
textEmptyFormatButtonCfgPltEmpty,*** NO EQUIVALENT IN 5.2 ***
textConfirmBodyRestart,*** NO EQUIVALENT IN 5.2 ***
textProdVerifReasonFinalConcNotAchieved,*** NO EQUIVALENT IN 5.2 ***
textProdVerifReasonAasPrimeError,*** NO EQUIVALENT IN 5.2 ***
textProdVerifReasonChannelClampError,*** NO EQUIVALENT IN 5.2 ***
textButtonLabelCfgLeftAutoProcRasBagVol,*** NO EQUIVALENT IN 5.2 ***
textButtonLabelCfgLeftAutoProcRasToggle,*** NO EQUIVALENT IN 5.2 ***
textMiscPanelLabelRasConnect1,*** NO EQUIVALENT IN 5.2 ***
textMiscPanelLabelRasConnect2,*** NO EQUIVALENT IN 5.2 ***
textMiscPanelLabelRasConnectDrbc1,*** NO EQUIVALENT IN 5.2 ***
textMiscPanelLabelRasConnectDrbc2,*** NO EQUIVALENT IN 5.2 ***
textMiscPanelLabelRasConnectDrbc2OneBag,*** NO EQUIVALENT IN 5.2 ***
textStatConnectRas,*** NO EQUIVALENT IN 5.2 ***
textMiscConnectRasOnly,*** NO EQUIVALENT IN 5.2 ***
textMiscCfgAutoProcPasLabel,*** NO EQUIVALENT IN 5.2 ***
textMiscCfgAutoProcRasLabel,*** NO EQUIVALENT IN 5.2 ***
textCfgColLabelCfgRbcRas,*** NO EQUIVALENT IN 5.2 ***
textMiscClampCrossover,*** NO EQUIVALENT IN 5.2 ***
textMiscLoadPtf,*** NO EQUIVALENT IN 5.2 ***
textMiscFlossPtfLines,*** NO EQUIVALENT IN 5.2 ***
textMiscClosePtfLines,*** NO EQUIVALENT IN 5.2 ***
textMiscClosePtfLineSrbc,*** NO EQUIVALENT IN 5.2 ***
textMiscPrepNonPtfDrbcBags,*** NO EQUIVALENT IN 5.2 ***
textMiscLoadOnePtfIntoBracket,*** NO EQUIVALENT IN 5.2 ***
textMiscFlossOnePtfLine,*** NO EQUIVALENT IN 5.2 ***
textMiscCloseOnePtfLine,*** NO EQUIVALENT IN 5.2 ***
textAlarmBodyWithGraphicFailureToPressurizeInlet06,*** NO EQUIVALENT IN 5.2 ***
textMiscPasProgress,*** NO EQUIVALENT IN 5.2 ***
textDataLabelRs2RasVol,*** NO EQUIVALENT IN 5.2 ***
textDataLabelRs2Ras2Vol,*** NO EQUIVALENT IN 5.2 ***
textMiscConnectAcOnly,*** NO EQUIVALENT IN 5.2 ***
textMiscConnectSalineOnly,*** NO EQUIVALENT IN 5.2 ***
textStatLoadSetSrbcRas,*** NO EQUIVALENT IN 5.2 ***
textStatLoadSetDrbcRas,*** NO EQUIVALENT IN 5.2 ***
textStatLoadSetPasRas,*** NO EQUIVALENT IN 5.2 ***
textProdVerifReasonHeaderRbcWbcs,*** NO EQUIVALENT IN 5.2 ***
textProdVerifReasonCpsHigh,*** NO EQUIVALENT IN 5.2 ***
textProdVerifReasonApsHigh,*** NO EQUIVALENT IN 5.2 ***
textProdVerifLeukMsgRbcLeukoreduced,*** NO EQUIVALENT IN 5.2 ***
textProdVerifLeukMsgRbc1Leukoreduced,*** NO EQUIVALENT IN 5.2 ***
textProdVerifLeukMsgRbc2Leukoreduced,*** NO EQUIVALENT IN 5.2 ***
textProdVerifLeukMsgRbcNotLeukoreduced,*** NO EQUIVALENT IN 5.2 ***
textProdVerifLeukMsgRbc1NotLeukoreduced,*** NO EQUIVALENT IN 5.2 ***
textProdVerifLeukMsgRbc2NotLeukoreduced,*** NO EQUIVALENT IN 5.2 ***
textButtonFlagRbcWbcs,*** NO EQUIVALENT IN 5.2 ***
textButtonLabelCfgLeftProcAirRemoval,*** NO EQUIVALENT IN 5.2 ***
textConfirmBodyRasConnect,*** NO EQUIVALENT IN 5.2 ***
textConfirmBodyPasConnect,*** NO EQUIVALENT IN 5.2 ***
textConfirmBodySalineConnect,*** NO EQUIVALENT IN 5.2 ***
textConfirmBodyAcConnect,*** NO EQUIVALENT IN 5.2 ***
textButtonLabelCfgLeftAutoProcExtraFlagMsgs,*** NO EQUIVALENT IN 5.2 ***
textEmptyFormatRs2DatRbc2Vol,*** NO EQUIVALENT IN 5.2 ***
textEmptyFormatRs2DatRbc2Ac,*** NO EQUIVALENT IN 5.2 ***
textEmptyFormatRs2DatRas,*** NO EQUIVALENT IN 5.2 ***
textDataUnitsRs2Rbc2Vol,*** NO EQUIVALENT IN 5.2 ***
textDataUnitsRs2Rbc2Ac,*** NO EQUIVALENT IN 5.2 ***
textDataUnitsRs2Ras2Vol,*** NO EQUIVALENT IN 5.2 ***
textStatRbc1Runsum,*** NO EQUIVALENT IN 5.2 ***
textStatRbc2Runsum,*** NO EQUIVALENT IN 5.2 ***
textProdVerifLeukLabelRbc1,*** NO EQUIVALENT IN 5.2 ***
textProdVerifLeukLabelRbc2,*** NO EQUIVALENT IN 5.2 ***
textStatRasVolRange,*** NO EQUIVALENT IN 5.2 ***
textStatRbcVolRangeSplitPlusRasVol,*** NO EQUIVALENT IN 5.2 ***
textStatRbcVolRangePlusRasVol,*** NO EQUIVALENT IN 5.2 ***
textProdVerifReasonHeaderRbcQuality,*** NO EQUIVALENT IN 5.2 ***
textButtonFlagRbcQuality,*** NO EQUIVALENT IN 5.2 ***
textButtonAbortRbc1,*** NO EQUIVALENT IN 5.2 ***
textButtonAbortRas1,*** NO EQUIVALENT IN 5.2 ***
textButtonAbortRas,*** NO EQUIVALENT IN 5.2 ***
textButtonAbortPas,*** NO EQUIVALENT IN 5.2 ***
textAbortBodyRbc1,*** NO EQUIVALENT IN 5.2 ***
TEXT_ABORT_BODY_PAS,*** NO EQUIVALENT IN 5.2 ***
TEXT_ABORT_BODY_RAS,*** NO EQUIVALENT IN 5.2 ***
textAbortBodyRas1,*** NO EQUIVALENT IN 5.2 ***
textAbortBodyPasOrRas1,*** NO EQUIVALENT IN 5.2 ***
textAbortBodyPasOrRas,*** NO EQUIVALENT IN 5.2 ***
textButtonLabelCfgLeftPlsTrali,*** NO EQUIVALENT IN 5.2 ***
textButtonLabelCfgLeftPltTrali,*** NO EQUIVALENT IN 5.2 ***
textListboxItemCfgTraliAll,*** NO EQUIVALENT IN 5.2 ***
textListboxItemCfgTraliMaleOnly,*** NO EQUIVALENT IN 5.2 ***
textListboxItemCfgTraliMaleAndAbFemale,*** NO EQUIVALENT IN 5.2 ***
textDataLabelRs2RbcSplitLayout,*** NO EQUIVALENT IN 5.2 ***
textDataLabelRbc2SplitLayout,*** NO EQUIVALENT IN 5.2 ***
textStatClampCrossover,*** NO EQUIVALENT IN 5.2 ***
textMiscServiceTouchscreenCalTitle,*** NO EQUIVALENT IN 5.2 ***
textMiscServiceTsCalInstruction1,*** NO EQUIVALENT IN 5.2 ***
textMiscServiceTsCalInstruction2,*** NO EQUIVALENT IN 5.2 ***
textMiscServiceTsCalInstruction3,*** NO EQUIVALENT IN 5.2 ***
textMiscServiceTsCalInstruction4,*** NO EQUIVALENT IN 5.2 ***
textMiscAas,*** NO EQUIVALENT IN 5.2 ***
textMiscRasNumBags,*** NO EQUIVALENT IN 5.2 ***
textMiscClampChannelLines,*** NO EQUIVALENT IN 5.2 ***
textMiscClampChannelLineAndCrossover,*** NO EQUIVALENT IN 5.2 ***
textMiscClampChannelLinesAndCrossover,*** NO EQUIVALENT IN 5.2 ***
textMiscSysDispDontConnectAc,*** NO EQUIVALENT IN 5.2 ***
textMiscPtfMountDontConnectAc,*** NO EQUIVALENT IN 5.2 ***
textDataLabelPasVolRemaining,*** NO EQUIVALENT IN 5.2 ***
textEmptyFormatPasEmptyData,*** NO EQUIVALENT IN 5.2 ***
textDataUnitsPasVolRemaining,*** NO EQUIVALENT IN 5.2 ***
textButtonCfgMainAutoProc,*** NO EQUIVALENT IN 5.2 ***
textMiscCfgMachCatNumDigits,*** NO EQUIVALENT IN 5.2 ***
textMiscClampSampleBag,*** NO EQUIVALENT IN 5.2 ***
textKeypadUnitsFlow,*** NO EQUIVALENT IN 5.2 ***
textDataUnitsPredFlowRate,*** NO EQUIVALENT IN 5.2 ***
textEmptyFormatPredPrevTimeInitAlt,*** NO EQUIVALENT IN 5.2 ***
textEmptyFormatPredPrevTimeLabelInitAlt,*** NO EQUIVALENT IN 5.2 ***
textEmptyFormatPredCurrTimeInitAlt,*** NO EQUIVALENT IN 5.2 ***
textEmptyFormatPredCurrTimeLabelInitAlt,*** NO EQUIVALENT IN 5.2 ***
textEmptyFormatPredNextTimeInitAlt,*** NO EQUIVALENT IN 5.2 ***
textEmptyFormatPredNextTimeLabelInitAlt,*** NO EQUIVALENT IN 5.2 ***
textEmptyFormatPredPrevFlowRateInit,*** NO EQUIVALENT IN 5.2 ***
textEmptyFormatPredPrevFlowRateLabelInit,*** NO EQUIVALENT IN 5.2 ***
textEmptyFormatPredCurrFlowRateInit,*** NO EQUIVALENT IN 5.2 ***
textEmptyFormatPredCurrFlowRateLabelInit,*** NO EQUIVALENT IN 5.2 ***
textEmptyFormatPredNextFlowRateInit,*** NO EQUIVALENT IN 5.2 ***
textEmptyFormatPredNextFlowRateLabelInit,*** NO EQUIVALENT IN 5.2 ***
textMiscPredConfMsg,*** NO EQUIVALENT IN 5.2 ***
textMiscPredConfDataLabel,*** NO EQUIVALENT IN 5.2 ***
textDataLabelPredConfPltVol,*** NO EQUIVALENT IN 5.2 ***
textDataLabelPredConfPltYield,*** NO EQUIVALENT IN 5.2 ***
textDataLabelPredConfRbcVol,*** NO EQUIVALENT IN 5.2 ***
textDataLabelPredConfPlasVol,*** NO EQUIVALENT IN 5.2 ***
textDataLabelPredConfFlow,*** NO EQUIVALENT IN 5.2 ***
textDataLabelPredConfAcRequired,*** NO EQUIVALENT IN 5.2 ***
textDataLabelPredConfDuration,*** NO EQUIVALENT IN 5.2 ***
textDataLabelPredConfTbvProcessed,*** NO EQUIVALENT IN 5.2 ***
textEmptyFormatPredConfirmPltVolData,*** NO EQUIVALENT IN 5.2 ***
textEmptyFormatPredConfirmPltYieldData,*** NO EQUIVALENT IN 5.2 ***
textEmptyFormatPredConfirmRbcVolData,*** NO EQUIVALENT IN 5.2 ***
textEmptyFormatPredConfirmPlasVolData,*** NO EQUIVALENT IN 5.2 ***
textEmptyFormatPredConfirmFlowData,*** NO EQUIVALENT IN 5.2 ***
textEmptyFormatPredConfirmAcData,*** NO EQUIVALENT IN 5.2 ***
textEmptyFormatPredConfirmTimeData,*** NO EQUIVALENT IN 5.2 ***
textEmptyFormatPredConfirmTbvProcessedData,*** NO EQUIVALENT IN 5.2 ***
textDataUnitsPredConfPltVol,*** NO EQUIVALENT IN 5.2 ***
textDataUnitsPredConfPltYieldX10,*** NO EQUIVALENT IN 5.2 ***
textDataUnitsPredConfPltYieldExp,*** NO EQUIVALENT IN 5.2 ***
textDataUnitsPredConfRbcVol,*** NO EQUIVALENT IN 5.2 ***
textDataUnitsPredConfPlasVol,*** NO EQUIVALENT IN 5.2 ***
textDataUnitsPredConfFlow,*** NO EQUIVALENT IN 5.2 ***
textDataUnitsPredConfAcRequired,*** NO EQUIVALENT IN 5.2 ***
textDataUnitsPredConfDuration,*** NO EQUIVALENT IN 5.2 ***
textDataUnitsPredConfTbvProcessed,*** NO EQUIVALENT IN 5.2 ***
textMiscCfgPlt1Indicator,*** NO EQUIVALENT IN 5.2 ***
textMiscCfgPlt2Indicator,*** NO EQUIVALENT IN 5.2 ***
textMiscCfgPlt3Indicator,*** NO EQUIVALENT IN 5.2 ***
textMiscCfgPlt4Indicator,*** NO EQUIVALENT IN 5.2 ***
textMiscCfgPlt5Indicator,*** NO EQUIVALENT IN 5.2 ***
textMiscCfgPlt6Indicator,*** NO EQUIVALENT IN 5.2 ***
textMiscCfgRbc1Indicator,*** NO EQUIVALENT IN 5.2 ***
textMiscCfgRbc2Indicator,*** NO EQUIVALENT IN 5.2 ***
textMiscCfgRbc3Indicator,*** NO EQUIVALENT IN 5.2 ***
textListboxItemCfgRbcProc1,*** NO EQUIVALENT IN 5.2 ***
textListboxItemCfgRbcProc2,*** NO EQUIVALENT IN 5.2 ***
textListboxItemCfgRbcProc3,*** NO EQUIVALENT IN 5.2 ***
textButtonCfgMainRepFluid,*** NO EQUIVALENT IN 5.2 ***
textMiscInstructionDonConnCloseSealOpen,*** NO EQUIVALENT IN 5.2 ***
textMiscInstructionDonConnClose,*** NO EQUIVALENT IN 5.2 ***
textMiscInstructionDonConnCloseOpen,*** NO EQUIVALENT IN 5.2 ***
textButtonAbortProcExit,*** NO EQUIVALENT IN 5.2 ***
textButtonAbortProcDontExit,*** NO EQUIVALENT IN 5.2 ***
textButtonAbortRinsebackExit,*** NO EQUIVALENT IN 5.2 ***
textButtonAbortRinsebackDontExit,*** NO EQUIVALENT IN 5.2 ***
textButtonAbortSpilloverExit,*** NO EQUIVALENT IN 5.2 ***
textButtonAbortSpilloverDontExit,*** NO EQUIVALENT IN 5.2 ***
textButtonAbortAirInPlasmaLineExit,*** NO EQUIVALENT IN 5.2 ***
textButtonAbortAirInPlasmaLineDontExit,*** NO EQUIVALENT IN 5.2 ***
textButtonAbortAasExit,*** NO EQUIVALENT IN 5.2 ***
textButtonAbortAasDontExit,*** NO EQUIVALENT IN 5.2 ***
textButtonAbortRasExit,*** NO EQUIVALENT IN 5.2 ***
textButtonAbortPasExit,*** NO EQUIVALENT IN 5.2 ***
textAbortBodyAas,*** NO EQUIVALENT IN 5.2 ***
textAbortBodyRas,*** NO EQUIVALENT IN 5.2 ***
textAbortBodyPas,*** NO EQUIVALENT IN 5.2 ***
textAbortBodyRasOrPas,*** NO EQUIVALENT IN 5.2 ***
textAbortBodyRinseback,*** NO EQUIVALENT IN 5.2 ***
textAbortBodySpillover,*** NO EQUIVALENT IN 5.2 ***
textAbortBodyAirInPlasmaLine,*** NO EQUIVALENT IN 5.2 ***
textAbortBodyProc,*** NO EQUIVALENT IN 5.2 ***
textMiscLabelRs1Dlog,*** NO EQUIVALENT IN 5.2 ***
textDataLabelRs1AasStartTime,*** NO EQUIVALENT IN 5.2 ***
textDataLabelRs1AvgInletFlowAlt,*** NO EQUIVALENT IN 5.2 ***
textEmptyFormatRs1DatAasStartTime,*** NO EQUIVALENT IN 5.2 ***
textEmptyFormatRs1DatAvgInletFlowAlt,*** NO EQUIVALENT IN 5.2 ***
textDataUnitsRs1TimePm,*** NO EQUIVALENT IN 5.2 ***
textDataUnitsRs1TimeAasAm,*** NO EQUIVALENT IN 5.2 ***
textDataUnitsRs1TimeAasPm,*** NO EQUIVALENT IN 5.2 ***
textDataUnitsRs1AvgInletFlowAlt,*** NO EQUIVALENT IN 5.2 ***
textDataLabelRs1PostHgb,*** NO EQUIVALENT IN 5.2 ***
textDataLabelRs1PrbcResidualLoss,*** NO EQUIVALENT IN 5.2 ***
textDataLabelRs1PlasRedidualLoss,*** NO EQUIVALENT IN 5.2 ***
textDataLabelRs1SalineRinseback,*** NO EQUIVALENT IN 5.2 ***
textDataLabelRs1PlasmaRinseback,*** NO EQUIVALENT IN 5.2 ***
textEmptyFormatRs1DatPrbcResidualLoss,*** NO EQUIVALENT IN 5.2 ***
textEmptyFormatRs1DatPlasResidualLoss,*** NO EQUIVALENT IN 5.2 ***
textDataDatRs1RinsebackIncomplete,*** NO EQUIVALENT IN 5.2 ***
textDataDatRs1RinsebackComplete,*** NO EQUIVALENT IN 5.2 ***
textDataUnitsRs1GPerDl,*** NO EQUIVALENT IN 5.2 ***
textDataUnitsRs1PrbcResidualLoss,*** NO EQUIVALENT IN 5.2 ***
textDataUnitsRs1PlasResidualLoss,*** NO EQUIVALENT IN 5.2 ***
textDataLabelRs2Rbc2Ac,*** NO EQUIVALENT IN 5.2 ***
textButtonGiantDonorInfoHemoglobin,*** NO EQUIVALENT IN 5.2 ***
textMiscUnitsDonorInfoHemoglobin,*** NO EQUIVALENT IN 5.2 ***
textKeypadUnitsHemoglobin,*** NO EQUIVALENT IN 5.2 ***
textMiscPasConnectMaxBagVol,*** NO EQUIVALENT IN 5.2 ***
textMiscPasConnectMinBagVol,*** NO EQUIVALENT IN 5.2 ***
textMiscCfgSplitRangeBottomLabel,*** NO EQUIVALENT IN 5.2 ***
textMiscCfgSplitRangeBottomMin,*** NO EQUIVALENT IN 5.2 ***
textMiscCfgSplitRangeBottomMax,*** NO EQUIVALENT IN 5.2 ***
textMiscCfgSplitRangeTopLabel,*** NO EQUIVALENT IN 5.2 ***
textMiscCfgSplitRangeTopMin,*** NO EQUIVALENT IN 5.2 ***
textMiscCfgSplitRangeTopMax,*** NO EQUIVALENT IN 5.2 ***
textButtonCfgMainMach,*** NO EQUIVALENT IN 5.2 ***
textButtonCfgMainLang,*** NO EQUIVALENT IN 5.2 ***
textButtonCfgMainPls,*** NO EQUIVALENT IN 5.2 ***
textButtonCfgMainPlt,*** NO EQUIVALENT IN 5.2 ***
textButtonCfgMainProc,*** NO EQUIVALENT IN 5.2 ***
textButtonCfgMainDonor,*** NO EQUIVALENT IN 5.2 ***
textButtonCfgMainPrio,*** NO EQUIVALENT IN 5.2 ***
textButtonCfgMainRbc,*** NO EQUIVALENT IN 5.2 ***
textButtonLabelCfgLeftLangCritOrGlob,*** NO EQUIVALENT IN 5.2 ***
textListboxItemCfgRbcUnitsCrit,*** NO EQUIVALENT IN 5.2 ***
textListboxItemCfgRbcUnitsHemoglobin,*** NO EQUIVALENT IN 5.2 ***
textCfgRowLabelCfgPrio16,*** NO EQUIVALENT IN 5.2 ***
textCfgRowLabelCfgPrio17,*** NO EQUIVALENT IN 5.2 ***
textCfgRowLabelCfgPrio18,*** NO EQUIVALENT IN 5.2 ***
textCfgRowLabelCfgPrio19,*** NO EQUIVALENT IN 5.2 ***
textCfgRowLabelCfgPrio20,*** NO EQUIVALENT IN 5.2 ***
textListboxItemCfgAdjNoPlatelets,*** NO EQUIVALENT IN 5.2 ***
textListboxItemCfgAdjNoPlama,*** NO EQUIVALENT IN 5.2 ***
textListboxItemCfgAdjNoRbcs,*** NO EQUIVALENT IN 5.2 ***
textEmptyFormatAlarmVersionLocation,*** NO EQUIVALENT IN 5.2 ***
textStatDoseRangeError,*** NO EQUIVALENT IN 5.2 ***
textDataLabelDonDlHgb,*** NO EQUIVALENT IN 5.2 ***
textDataUnitsDonDlHemoglobin,*** NO EQUIVALENT IN 5.2 ***
textButtonCfgDrbcVol,*** NO EQUIVALENT IN 5.2 ***
textButtonCfgMainVolLim,*** NO EQUIVALENT IN 5.2 ***
TEXT_CFG_SHOW_RESIDUAL_LOSS,*** NO EQUIVALENT IN 5.2 ***
textButtonLabelCfgLeftProcPlsRinseback,*** NO EQUIVALENT IN 5.2 ***
textButtonLabelCfgLeftProcSalineRinseback,*** NO EQUIVALENT IN 5.2 ***
textMiscCfrDonInfoHgb,*** NO EQUIVALENT IN 5.2 ***
textDataUnitsCfrHgb,*** NO EQUIVALENT IN 5.2 ***
textStatSalinePrime,*** NO EQUIVALENT IN 5.2 ***
textStatUnscheduledPurge,*** NO EQUIVALENT IN 5.2 ***
textMiscInstructionDispCloseClamp,*** NO EQUIVALENT IN 5.2 ***
textButtonLabelCfgTopDonVolLimBodyVolUnits,*** NO EQUIVALENT IN 5.2 ***
textDataLabelRs2Rbc2Vol,*** NO EQUIVALENT IN 5.2 ***
textEmptyFormatRs2DatRasVol,*** NO EQUIVALENT IN 5.2 ***
textDataUnitsRs2RasVol,*** NO EQUIVALENT IN 5.2 ***
textDataLabelRs2RasVolSplitLayout,*** NO EQUIVALENT IN 5.2 ***
textDataLabelRs2Ras2VolSplitLayout,*** NO EQUIVALENT IN 5.2 ***
textMiscLabelRs2PlasProdSplitLayout,*** NO EQUIVALENT IN 5.2 ***
textDataLabelRs2PlasAcSplitLayout,*** NO EQUIVALENT IN 5.2 ***
textDataLabelRs2RbcAcSplitLayout,*** NO EQUIVALENT IN 5.2 ***
textDataLabelRs2Rbc2AcSplitLayout,*** NO EQUIVALENT IN 5.2 ***
textEmptyFormatRs2DatPlsVolSplitLayout,*** NO EQUIVALENT IN 5.2 ***
textEmptyFormatRs2DatPlsAcSplitLayout,*** NO EQUIVALENT IN 5.2 ***
textEmptyFormatRs2DatRbcVolSplitLayout,*** NO EQUIVALENT IN 5.2 ***
textEmptyFormatRs2DatRbc2VolSplitLayout,*** NO EQUIVALENT IN 5.2 ***
textEmptyFormatRs2DatRbcAcSplitLayout,*** NO EQUIVALENT IN 5.2 ***
textEmptyFormatRs2DatRbc2AcSplitLayout,*** NO EQUIVALENT IN 5.2 ***
textDataUnitsRs2PlasVolSplitLayout,*** NO EQUIVALENT IN 5.2 ***
TEXT_RS2UNIT_PLASMA_VOLUME2_SPLIT_LAYOUT,*** NO EQUIVALENT IN 5.2 ***
textDataUnitsRs2PlasAcSplitLayout,*** NO EQUIVALENT IN 5.2 ***
textDataUnitsRs2RbcVolSplitLayout,*** NO EQUIVALENT IN 5.2 ***
textDataUnitsRs2Rbc2VolSplitLayout,*** NO EQUIVALENT IN 5.2 ***
textDataUnitsRs2RbcAcSplitLayout,*** NO EQUIVALENT IN 5.2 ***
textDataUnitsRs2Rbc2AcSplitLayout,*** NO EQUIVALENT IN 5.2 ***
textDataLabelRs2PlasVolSplitLayout,*** NO EQUIVALENT IN 5.2 ***
textDataLabelRs2RbcVolSplitLayout,*** NO EQUIVALENT IN 5.2 ***
textDataLabelRs2Rbc2VolSplitLayout,*** NO EQUIVALENT IN 5.2 ***
textEmptyFormatRs2DatRbcRasSplitLayout,*** NO EQUIVALENT IN 5.2 ***
textEmptyFormatRs2DatRbc2RasSplitLayout,*** NO EQUIVALENT IN 5.2 ***
textDataUnitsRs2RasVolSplitLayout,*** NO EQUIVALENT IN 5.2 ***
textDataUnitsRs2Ras2VolSplitLayout,*** NO EQUIVALENT IN 5.2 ***
textStatAlarmAcStilNotDetected,*** NO EQUIVALENT IN 5.2 ***
textStatAlarmPtfPressureHighFailure,*** NO EQUIVALENT IN 5.2 ***
textStatAlarmPtfPressureHigh,*** NO EQUIVALENT IN 5.2 ***
textStatAlarmCpsHighAasP2Ok,*** NO EQUIVALENT IN 5.2 ***
textStatAlarmCpsHighRbcCollect,*** NO EQUIVALENT IN 5.2 ***
textStatAlarmCpsRangeErrorSetLoad,*** NO EQUIVALENT IN 5.2 ***
textStatAlarmPtfPrimeError,*** NO EQUIVALENT IN 5.2 ***
textStatAlarmCrossoverClampClosureError,*** NO EQUIVALENT IN 5.2 ***
textStatAlarmInletPressureFailure05,*** NO EQUIVALENT IN 5.2 ***
textStatAlarmGenericPltContam,*** NO EQUIVALENT IN 5.2 ***
textStatAlarmHemolysisDetected,*** NO EQUIVALENT IN 5.2 ***
textStatAlarmApsHighAasP2Ok,*** NO EQUIVALENT IN 5.2 ***
textStatAlarmApsHighPtf,*** NO EQUIVALENT IN 5.2 ***
textStatAlarmRasPrimeLate,*** NO EQUIVALENT IN 5.2 ***
textStatAlarmRasPrimeEarly,*** NO EQUIVALENT IN 5.2 ***
textStatAlarmRasEmpty,*** NO EQUIVALENT IN 5.2 ***
textStatAlarmSafetyNotResponding,*** NO EQUIVALENT IN 5.2 ***
textAlarmBodyNoGraphicAcStillNotDetected,*** NO EQUIVALENT IN 5.2 ***
textAlarmBodyNoGraphicCpsHigh03,*** NO EQUIVALENT IN 5.2 ***
textAlarmBodyNoGraphicPtfPressureHigh,*** NO EQUIVALENT IN 5.2 ***
textAlarmBodyNoGraphicCpsHighAasP2Ok,*** NO EQUIVALENT IN 5.2 ***
textAlarmBodyNoGraphicCpsHighRbcCollect,*** NO EQUIVALENT IN 5.2 ***
textAlarmBodyNoGraphicCpsHighRbcCollectProd1,*** NO EQUIVALENT IN 5.2 ***
textAlarmBodyNoGraphicCpsRangeAtSetLoad,*** NO EQUIVALENT IN 5.2 ***
textAlarmBodyNoGraphicDrawCycleShortNoClamp,*** NO EQUIVALENT IN 5.2 ***
textAlarmBodyNoGraphicDrawCycleShortOneClamp,*** NO EQUIVALENT IN 5.2 ***
textAlarmBodyNoGraphicDrawCycleShortThreeClamp,*** NO EQUIVALENT IN 5.2 ***
textAlarmBodyNoGraphicPltWbcContamination,*** NO EQUIVALENT IN 5.2 ***
textAlarmBodyNoGraphicHemolysisDetected,*** NO EQUIVALENT IN 5.2 ***
textAlarmBodyNoGraphicLeakDetected,*** NO EQUIVALENT IN 5.2 ***
textAlarmBodyNoGraphicApsHighAasP2Ok,*** NO EQUIVALENT IN 5.2 ***
textAlarmBodyNoGraphicRasPrimeLate,*** NO EQUIVALENT IN 5.2 ***
textAlarmBodyNoGraphicRasPrimeEarly,*** NO EQUIVALENT IN 5.2 ***
textAlarmBodyNoGraphicRefMismatchDispTest,*** NO EQUIVALENT IN 5.2 ***
textAlarmBodyNoGraphicResDrawNoClamp,*** NO EQUIVALENT IN 5.2 ***
textAlarmBodyNoGraphicResDrawOneClamp,*** NO EQUIVALENT IN 5.2 ***
textAlarmBodyNoGraphicResDrawRbcPlNoClamp,*** NO EQUIVALENT IN 5.2 ***
textAlarmBodyNoGraphicResDrawRbcPlOneClamp,*** NO EQUIVALENT IN 5.2 ***
textAlarmBodyNoGraphicResDrawRbcPlThreeClamp,*** NO EQUIVALENT IN 5.2 ***
textAlarmBodyNoGraphicResReturnNoClamp,*** NO EQUIVALENT IN 5.2 ***
textAlarmBodyNoGraphicResReturnOneClamp,*** NO EQUIVALENT IN 5.2 ***
textAlarmBodyNoGraphicResReturnThreeClamp,*** NO EQUIVALENT IN 5.2 ***
textAlarmBodyNoGraphicSafetyNotResponding,*** NO EQUIVALENT IN 5.2 ***
textAlarmBodyWithGraphicCpsHighNoClamp,*** NO EQUIVALENT IN 5.2 ***
textAlarmBodyWithGraphicCpsHighOneClamp00,*** NO EQUIVALENT IN 5.2 ***
textAlarmBodyWithGraphicCpsHighOneClamp04,*** NO EQUIVALENT IN 5.2 ***
textAlarmBodyWithGraphicCpsHighThreeClamp00,*** NO EQUIVALENT IN 5.2 ***
textAlarmBodyWithGraphicCpsHighThreeClamp04,*** NO EQUIVALENT IN 5.2 ***
textAlarmBodyWithGraphicPtfPressureHigh,*** NO EQUIVALENT IN 5.2 ***
textAlarmBodyWithGraphicCpsPtfPrimeTest,*** NO EQUIVALENT IN 5.2 ***
textAlarmBodyWithGraphicCrossoverOpen,*** NO EQUIVALENT IN 5.2 ***
textAlarmBodyWithGraphicDrawCycleShortOneClamp,*** NO EQUIVALENT IN 5.2 ***
textAlarmBodyWithGraphicDrawCycleShortThreeClamp,*** NO EQUIVALENT IN 5.2 ***
textAlarmBodyWithGraphicDrbcAasSplit,*** NO EQUIVALENT IN 5.2 ***
textAlarmBodyWithGraphicDrbcPtfSplit,*** NO EQUIVALENT IN 5.2 ***
textAlarmBodyWithGraphicPressurizeInletFailure05,*** NO EQUIVALENT IN 5.2 ***
textAlarmBodyWithGraphicPressurizeInletFailure06,*** NO EQUIVALENT IN 5.2 ***
textAlarmBodyWithGraphicPressurizeInletFailureCrossover,*** NO EQUIVALENT IN 5.2 ***
textAlarmBodyWithGraphicPressurizeInletFailureCassette,*** NO EQUIVALENT IN 5.2 ***
textAlarmBodyWithGraphicApsHighPtf,*** NO EQUIVALENT IN 5.2 ***
textAlarmBodyWithGraphicRasEmpty,*** NO EQUIVALENT IN 5.2 ***
textAlarmBodyWithGraphicResDrawAlert1Clamp04,*** NO EQUIVALENT IN 5.2 ***
textAlarmBodyWithGraphicResDrawAlert3Clamp04,*** NO EQUIVALENT IN 5.2 ***
textAlarmBodyWithGraphicResReturn1Clamp,*** NO EQUIVALENT IN 5.2 ***
textAlarmBodyWithGraphicResReturn3Clamp,*** NO EQUIVALENT IN 5.2 ***
textAlarmBodyWithGraphicReturnShortNoClamp,*** NO EQUIVALENT IN 5.2 ***
textAlarmBodyWithGraphicReturnShortOneClamp00,*** NO EQUIVALENT IN 5.2 ***
textAlarmBodyWithGraphicReturnShortOneClamp01,*** NO EQUIVALENT IN 5.2 ***
textAlarmBodyWithGraphicReturnShortThreeClamp00,*** NO EQUIVALENT IN 5.2 ***
textAlarmBodyWithGraphicReturnShortThreeClamp01,*** NO EQUIVALENT IN 5.2 ***
